{
  "result_dir": "/itf-fi-ml/home/aleksns/Multi-Well-Quantum-Dots/results/p4_n2_nonmcmc_residual_anneal_d2_wellaware_s42_20260415_110723",
  "npts": 28,
  "dot_basis": "localized_ho",
  "dot_max_shell": 2,
  "slater_only": {
    "projected_weight": 0.9976757703282564,
    "dot_entropy": -0.0,
    "dot_negativity": 2.220446049250313e-16,
    "dot_label_negativity": 0.0,
    "sector_probabilities": {
      "LL": 0.25000000000000194,
      "LR": 0.25000000000000194,
      "RL": 0.25000000000000194,
      "RR": 0.25000000000000194
    },
    "projected_sector_probabilities": {
      "LL": 0.24999999999999997,
      "LR": 0.2500000000000002,
      "RL": 0.25000000000000006,
      "RR": 0.24999999999999986
    }
  },
  "full_state": {
    "projected_weight": 0.9909327587998153,
    "dot_entropy": 0.31220398199259713,
    "dot_negativity": 0.6026377471233817,
    "dot_label_negativity": 0.13741128162952196,
    "sector_probabilities": {
      "LL": 0.09963431825052065,
      "LR": 0.3642743054763547,
      "RL": 0.31165284068560384,
      "RR": 0.22443853558752588
    },
    "projected_sector_probabilities": {
      "LL": 0.0982972129548354,
      "LR": 0.3669863881267688,
      "RL": 0.31371036879751335,
      "RR": 0.22100603012088244
    }
  }
}