{
  "result_dir": "/itf-fi-ml/home/aleksns/Multi-Well-Quantum-Dots/results/p4_n2_nonmcmc_residual_anneal_d2_s42_20260414_160054",
  "npts": 28,
  "dot_basis": "localized_ho",
  "dot_max_shell": 2,
  "slater_only": {
    "projected_weight": 0.9976757703282564,
    "dot_entropy": -0.0,
    "dot_negativity": 2.220446049250313e-16,
    "dot_label_negativity": 0.0,
    "sector_probabilities": {
      "LL": 0.25000000000000194,
      "LR": 0.25000000000000194,
      "RL": 0.25000000000000194,
      "RR": 0.25000000000000194
    },
    "projected_sector_probabilities": {
      "LL": 0.24999999999999997,
      "LR": 0.2500000000000002,
      "RL": 0.25000000000000006,
      "RR": 0.24999999999999986
    }
  },
  "full_state": {
    "projected_weight": 0.9905646015323134,
    "dot_entropy": 0.2817175979276679,
    "dot_negativity": 0.5585765202810251,
    "dot_label_negativity": 0.12567425062332982,
    "sector_probabilities": {
      "LL": 0.09661406224346376,
      "LR": 0.359349618341384,
      "RL": 0.29990801815764695,
      "RR": 0.24412830125751103
    },
    "projected_sector_probabilities": {
      "LL": 0.09551645206199248,
      "LR": 0.3621952098520095,
      "RL": 0.30194595021317755,
      "RR": 0.24034238787282058
    }
  }
}