{
  "result_dir": "results/p4_n2_nonmcmc_residual_anneal_s42_20260414_150947",
  "npts": 30,
  "n_grid_per_particle": 900,
  "system": {
    "n_particles": 2,
    "dim": 2,
    "omega": 1.0,
    "n_wells": 2,
    "well_centers": [
      [
        -2.0,
        0.0
      ],
      [
        2.0,
        0.0
      ]
    ]
  },
  "entanglement": {
    "norm2_before_normalisation": 31.963175620906803,
    "norm_M_squared": 1.0000000000000047,
    "von_neumann_entropy": 0.12346537509858183,
    "purity": 0.9687838974576034,
    "linear_entropy": 0.031216102542396595,
    "n_schmidt_terms": 900,
    "effective_schmidt_rank": 1,
    "negativity": 0.8185124308638313,
    "log_negativity": 1.3989111729173485,
    "schmidt_values_top10": [
      0.9920966984629755,
      0.05261144386746807,
      0.04745968819269851,
      0.041860624931004044,
      0.0416407030115401,
      0.03873927043027293,
      0.03680471674728337,
      0.02360152807677468,
      0.023023825985223813,
      0.022864354993356123
    ],
    "schmidt_probs_top10": [
      0.9842558591011326,
      0.0027679640258197334,
      0.0022524220033481577,
      0.0017523119196141907,
      0.0017339481472952785,
      0.0015007310734698129,
      0.0013545871748477556,
      0.0005570321275587815,
      0.0005300965629978653,
      0.0005227787292622072
    ]
  }
}