{
  "source": "results/p4_n2_nonmcmc_residual_anneal_s42_20260414_150947",
  "tau": null,
  "npts": 28,
  "n_grid_per_particle": 784,
  "dot_projection_config": {
    "basis": "localized_ho",
    "max_ho_shell": 2
  },
  "system": {
    "n_particles": 2,
    "dim": 2,
    "omega": 1.0,
    "n_wells": 2,
    "well_centers": [
      [
        -2.0,
        0.0
      ],
      [
        2.0,
        0.0
      ]
    ]
  },
  "entanglement": {
    "norm2_before_normalisation": 31.946447373327413,
    "norm_M_squared": 1.0000000000000049,
    "von_neumann_entropy": 0.12957493251416236,
    "purity": 0.966893937724015,
    "linear_entropy": 0.033106062275985004,
    "n_schmidt_terms": 784,
    "effective_schmidt_rank": 1,
    "negativity": 0.8158229861461015,
    "log_negativity": 1.3959654205427727,
    "schmidt_values_top10": [
      0.9916116334129919,
      0.05519688157664416,
      0.04788016306977982,
      0.04324453918305794,
      0.04183631502145665,
      0.040403077552652766,
      0.037896270840703274,
      0.026233025312413148,
      0.025204925229275803,
      0.0230161007737682
    ],
    "schmidt_probs_top10": [
      0.9832936315199817,
      0.0030466957357860795,
      0.002292510015588707,
      0.0018700901691550338,
      0.001750277254574559,
      0.0016324086757256739,
      0.0014361273436319373,
      0.000688171617041709,
      0.0006352882558133838,
      0.0005297408948282532
    ]
  },
  "dot_projected_entanglement": {
    "projection_basis": "masked_localized_ho",
    "projection_basis_config": {
      "projection_basis": "localized_ho",
      "max_ho_shell": 2
    },
    "projected_subspace_weight": 0.9864422938044712,
    "sector_probabilities": {
      "LL": 0.24391501456795886,
      "LR": 0.24974281242680288,
      "RL": 0.24933010133240543,
      "RR": 0.2570120716728378
    },
    "projected_sector_probabilities": {
      "LL": 0.24092915368018553,
      "LR": 0.25285481056504305,
      "RL": 0.2524297355835666,
      "RR": 0.2537863001712048
    },
    "region_metadata": {
      "particle_1": {
        "basis_family": "masked_localized_ho",
        "max_ho_shell": 2,
        "n_basis_total": 12,
        "well_metadata": [
          {
            "well_index": 0,
            "well_center": [
              -2.0,
              0.0
            ],
            "raw_mode_labels": [
              [
                0,
                0
              ],
              [
                0,
                1
              ],
              [
                1,
                0
              ],
              [
                0,
                2
              ],
              [
                1,
                1
              ],
              [
                2,
                0
              ]
            ],
            "n_raw_modes": 6,
            "n_orthonormal_modes": 6,
            "region_measure": 70.00000000000001,
            "region_point_count": 392
          },
          {
            "well_index": 1,
            "well_center": [
              2.0,
              0.0
            ],
            "raw_mode_labels": [
              [
                0,
                0
              ],
              [
                0,
                1
              ],
              [
                1,
                0
              ],
              [
                0,
                2
              ],
              [
                1,
                1
              ],
              [
                2,
                0
              ]
            ],
            "n_raw_modes": 6,
            "n_orthonormal_modes": 6,
            "region_measure": 70.0,
            "region_point_count": 392
          }
        ]
      },
      "particle_2": {
        "basis_family": "masked_localized_ho",
        "max_ho_shell": 2,
        "n_basis_total": 12,
        "well_metadata": [
          {
            "well_index": 0,
            "well_center": [
              -2.0,
              0.0
            ],
            "raw_mode_labels": [
              [
                0,
                0
              ],
              [
                0,
                1
              ],
              [
                1,
                0
              ],
              [
                0,
                2
              ],
              [
                1,
                1
              ],
              [
                2,
                0
              ]
            ],
            "n_raw_modes": 6,
            "n_orthonormal_modes": 6,
            "region_measure": 70.00000000000001,
            "region_point_count": 392
          },
          {
            "well_index": 1,
            "well_center": [
              2.0,
              0.0
            ],
            "raw_mode_labels": [
              [
                0,
                0
              ],
              [
                0,
                1
              ],
              [
                1,
                0
              ],
              [
                0,
                2
              ],
              [
                1,
                1
              ],
              [
                2,
                0
              ]
            ],
            "n_raw_modes": 6,
            "n_orthonormal_modes": 6,
            "region_measure": 70.0,
            "region_point_count": 392
          }
        ]
      }
    },
    "basis_dimensions": {
      "particle_1": 12,
      "particle_2": 12
    },