{
  "source": "results/p4_n2_nonmcmc_residual_anneal_d8_s42_20260414_160016",
  "tau": null,
  "npts": 32,
  "n_grid_per_particle": 1024,
  "dot_projection_config": {
    "basis": "localized_ho",
    "max_ho_shell": 2
  },
  "system": {
    "n_particles": 2,
    "dim": 2,
    "omega": 1.0,
    "n_wells": 2,
    "well_centers": [
      [
        -4.0,
        0.0
      ],
      [
        4.0,
        0.0
      ]
    ]
  },
  "entanglement": {
    "norm2_before_normalisation": 14.897931590451595,
    "norm_M_squared": 1.0000000000000042,
    "von_neumann_entropy": 0.4404791836242867,
    "purity": 0.8050884644996303,
    "linear_entropy": 0.19491153550036966,
    "n_schmidt_terms": 1024,
    "effective_schmidt_rank": 2,
    "negativity": 1.496962125087016,
    "log_negativity": 1.9978069705048151,
    "schmidt_values_top10": [
      0.9448245432295567,
      0.30064401540491004,
      0.045817013233205216,
      0.042648536519837736,
      0.03628158999237434,
      0.03344808647346667,
      0.031620646454072726,
      0.0305955233110164,
      0.030204955155982732,
      0.029864119297460984
    ],
    "schmidt_probs_top10": [
      0.8926934174889404,
      0.09038682399878778,
      0.002099198701611702,
      0.001818897667283933,
      0.0013163537723747578,
      0.001118774488736504,
      0.000999865282173462,
      0.0009360860466749479,
      0.0009123393159749278,
      0.0008918656214129816
    ]
  },
  "dot_projected_entanglement": {
    "projection_basis": "masked_localized_ho",
    "projection_basis_config": {
      "projection_basis": "localized_ho",
      "max_ho_shell": 2
    },
    "projected_subspace_weight": 0.9855509781442151,
    "sector_probabilities": {
      "LL": 0.35017128567608663,
      "LR": 0.10341481580685007,
      "RL": 0.1034148152069706,
      "RR": 0.4429990833100969
    },
    "projected_sector_probabilities": {
      "LL": 0.3486185180176637,
      "LR": 0.1049307321444779,
      "RL": 0.10493073190707583,
      "RR": 0.44152001793078255
    },
    "region_metadata": {
      "particle_1": {
        "basis_family": "masked_localized_ho",
        "max_ho_shell": 2,
        "n_basis_total": 12,
        "well_metadata": [
          {
            "well_index": 0,
            "well_center": [
              -4.0,
              0.0
            ],
            "raw_mode_labels": [
              [
                0,
                0
              ],
              [
                0,
                1
              ],
              [
                1,
                0
              ],
              [
                0,
                2
              ],
              [
                1,
                1
              ],
              [
                2,
                0
              ]
            ],
            "n_raw_modes": 6,
            "n_orthonormal_modes": 6,
            "region_measure": 89.99999999999999,
            "region_point_count": 512
          },
          {
            "well_index": 1,
            "well_center": [
              4.0,
              0.0
            ],
            "raw_mode_labels": [
              [
                0,
                0
              ],
              [
                0,
                1
              ],
              [
                1,
                0
              ],
              [
                0,
                2
              ],
              [
                1,
                1
              ],
              [
                2,
                0
              ]
            ],
            "n_raw_modes": 6,
            "n_orthonormal_modes": 6,
            "region_measure": 89.99999999999999,
            "region_point_count": 512
          }
        ]
      },
      "particle_2": {
        "basis_family": "masked_localized_ho",
        "max_ho_shell": 2,
        "n_basis_total": 12,
        "well_metadata": [
          {
            "well_index": 0,
            "well_center": [
              -4.0,
              0.0
            ],
            "raw_mode_labels": [
              [
                0,
                0
              ],
              [
                0,
                1
              ],
              [
                1,
                0
              ],
              [
                0,
                2
              ],
              [
                1,
                1
              ],
              [
                2,
                0
              ]
            ],
            "n_raw_modes": 6,
            "n_orthonormal_modes": 6,
            "region_measure": 89.99999999999999,
            "region_point_count": 512
          },
          {
            "well_index": 1,
            "well_center": [
              4.0,
              0.0
            ],
            "raw_mode_labels": [
              [
                0,
                0
              ],
              [
                0,
                1
              ],
              [
                1,
                0
              ],
              [
                0,
                2
              ],
              [
                1,
                1
              ],
              [
                2,
                0
              ]
            ],
            "n_raw_modes": 6,
            "n_orthonormal_modes": 6,
            "region_measure": 89.99999999999999,
            "region_point_count": 512
          }
        ]
      }
    },
    "basis_dimensions": {
      "particle_1": 12,
      "particle_2": 12
    },