{
  "source": "results/p4_n2_nonmcmc_residual_anneal_d2_s42_20260414_160054",
  "tau": null,
  "npts": 28,
  "n_grid_per_particle": 784,
  "dot_projection_config": {
    "basis": "localized_ho",
    "max_ho_shell": 2
  },
  "system": {
    "n_particles": 2,
    "dim": 2,
    "omega": 1.0,
    "n_wells": 2,
    "well_centers": [
      [
        -1.0,
        0.0
      ],
      [
        1.0,
        0.0
      ]
    ]
  },
  "entanglement": {
    "norm2_before_normalisation": 70.56082697775003,
    "norm_M_squared": 1.0000000000000058,
    "von_neumann_entropy": 0.32313051845035495,
    "purity": 0.8706230043945412,
    "linear_entropy": 0.1293769956054588,
    "n_schmidt_terms": 784,
    "effective_schmidt_rank": 2,
    "negativity": 0.8718797439748744,
    "log_negativity": 1.4561540235115527,
    "schmidt_values_top10": [
      0.9652694475715894,
      0.22054292026097427,
      0.08898502693413632,
      0.07998866646678321,
      0.03833102589009958,
      0.03355083716483097,
      0.03059355951247093,
      0.019156657540898014,
      0.017969108602877988,
      0.01480025810606177
    ],
    "schmidt_probs_top10": [
      0.9317451064151614,
      0.04863917967723846,
      0.007918335018468966,
      0.0063981867631342886,
      0.0014692675457874844,
      0.001125658674461003,
      0.0009359658836431005,
      0.0003669775281392448,
      0.00032288886398202374,
      0.00021904764000604715
    ]
  },
  "dot_projected_entanglement": {
    "projection_basis": "masked_localized_ho",
    "projection_basis_config": {
      "projection_basis": "localized_ho",
      "max_ho_shell": 2
    },
    "projected_subspace_weight": 0.9905646015323134,
    "sector_probabilities": {
      "LL": 0.09661406224346376,
      "LR": 0.359349618341384,
      "RL": 0.29990801815764695,
      "RR": 0.24412830125751103
    },
    "projected_sector_probabilities": {
      "LL": 0.09551645206199248,
      "LR": 0.3621952098520095,
      "RL": 0.30194595021317755,
      "RR": 0.24034238787282058
    },
    "region_metadata": {
      "particle_1": {
        "basis_family": "masked_localized_ho",
        "max_ho_shell": 2,
        "n_basis_total": 12,
        "well_metadata": [
          {
            "well_index": 0,
            "well_center": [
              -1.0,
              0.0
            ],
            "raw_mode_labels": [
              [
                0,
                0
              ],
              [
                0,
                1
              ],
              [
                1,
                0
              ],
              [
                0,
                2
              ],
              [
                1,
                1
              ],
              [
                2,
                0
              ]
            ],
            "n_raw_modes": 6,
            "n_orthonormal_modes": 6,
            "region_measure": 60.000000000000014,
            "region_point_count": 392
          },
          {
            "well_index": 1,
            "well_center": [
              1.0,
              0.0
            ],
            "raw_mode_labels": [
              [
                0,
                0
              ],
              [
                0,
                1
              ],
              [
                1,
                0
              ],
              [
                0,
                2
              ],
              [
                1,
                1
              ],
              [
                2,
                0
              ]
            ],
            "n_raw_modes": 6,
            "n_orthonormal_modes": 6,
            "region_measure": 60.000000000000014,
            "region_point_count": 392
          }
        ]
      },
      "particle_2": {
        "basis_family": "masked_localized_ho",
        "max_ho_shell": 2,
        "n_basis_total": 12,
        "well_metadata": [
          {
            "well_index": 0,
            "well_center": [
              -1.0,
              0.0
            ],
            "raw_mode_labels": [
              [
                0,
                0
              ],
              [
                0,
                1
              ],
              [
                1,
                0
              ],
              [
                0,
                2
              ],
              [
                1,
                1
              ],
              [
                2,
                0
              ]
            ],
            "n_raw_modes": 6,
            "n_orthonormal_modes": 6,
            "region_measure": 60.000000000000014,
            "region_point_count": 392
          },
          {
            "well_index": 1,
            "well_center": [
              1.0,
              0.0
            ],
            "raw_mode_labels": [
              [
                0,
                0
              ],
              [
                0,
                1
              ],
              [
                1,
                0
              ],
              [
                0,
                2
              ],
              [
                1,
                1
              ],
              [
                2,
                0
              ]
            ],
            "n_raw_modes": 6,
            "n_orthonormal_modes": 6,
            "region_measure": 60.000000000000014,
            "region_point_count": 392
          }
        ]
      }
    },
    "basis_dimensions": {
      "particle_1": 12,
      "particle_2": 12
    },