{
  "source": "results/p4_n2_nonmcmc_residual_anneal_s42_20260414_150947",
  "tau": null,
  "npts": 16,
  "n_grid_per_particle": 256,
  "system": {
    "n_particles": 2,
    "dim": 2,
    "omega": 1.0,
    "n_wells": 2,
    "well_centers": [
      [
        -2.0,
        0.0
      ],
      [
        2.0,
        0.0
      ]
    ]
  },
  "entanglement": {
    "norm2_before_normalisation": 31.21791176268642,
    "norm_M_squared": 1.0000000000000062,
    "von_neumann_entropy": 0.2332644770887639,
    "purity": 0.924334824760672,
    "linear_entropy": 0.07566517523932803,
    "n_schmidt_terms": 256,
    "effective_schmidt_rank": 4,
    "negativity": 0.7501350253293375,
    "log_negativity": 1.322083926769437,
    "schmidt_values_top10": [
      0.9804357272560308,
      0.10293428536233332,
      0.0990731944880188,
      0.09854989154958338,
      0.06725798336373214,
      0.025718796187774895,
      0.022370493777790268,
      0.021776796105066543,
      0.021408534561785424,
      0.021084006169221847
    ],
    "schmidt_probs_top10": [
      0.9612542152800555,
      0.010595467103054196,
      0.009815497866060731,
      0.009712081124434582,
      0.004523636326156038,
      0.0006614564773483,
      0.0005004389918621498,
      0.0004742288486016382,
      0.00045832535208315797,
      0.0004445353161437819
    ]
  }
}