{
  "source": "results/imag_time_pinn/quench_sep_fast_d8p00_to_d4p00_checkpoint.pt",
  "tau": 1.5,
  "npts": 16,
  "n_grid_per_particle": 256,
  "system": {
    "n_particles": 2,
    "dim": 2,
    "omega": 1.0,
    "n_wells": 2,
    "well_centers": [
      [
        -4.0,
        0.0
      ],
      [
        4.0,
        0.0
      ]
    ]
  },
  "entanglement": {
    "norm2_before_normalisation": 2111.9473528793756,
    "norm_M_squared": 1.0000000000000056,
    "von_neumann_entropy": 0.3831225319497201,
    "purity": 0.8351931073804296,
    "linear_entropy": 0.16480689261957038,
    "n_schmidt_terms": 256,
    "effective_schmidt_rank": 3,
    "negativity": 0.7574910621635595,
    "log_negativity": 1.3305481458613122,
    "schmidt_values_top10": [
      0.9547053986665831,
      0.25553334577041636,
      0.10129282680332334,
      0.08181143507129109,
      0.06072688390958686,
      0.033288759530946725,
      0.025823861282574846,
      0.023589405606671186,
      0.010141064234872616,
      0.006995305347174116
    ],
    "schmidt_probs_top10": [
      0.9114623982431154,
      0.06529729080062288,
      0.010260236761808015,
      0.006693110908424047,
      0.003687754429368423,
      0.0011081415111091914,
      0.0006668718115416652,
      0.0005564600568760475,
      0.00010284118381581206,
      4.8934296900202566e-05
    ]
  }
}