{
  "source": "results/p4_n2_nonmcmc_residual_anneal_d8_s42_20260414_160016",
  "tau": null,
  "npts": 28,
  "n_grid_per_particle": 784,
  "dot_projection_config": {
    "basis": "localized_ho",
    "max_ho_shell": 2
  },
  "system": {
    "n_particles": 2,
    "dim": 2,
    "omega": 1.0,
    "n_wells": 2,
    "well_centers": [
      [
        -4.0,
        0.0
      ],
      [
        4.0,
        0.0
      ]
    ]
  },
  "entanglement": {
    "norm2_before_normalisation": 14.78429046529203,
    "norm_M_squared": 1.0000000000000049,
    "von_neumann_entropy": 0.45263792020583704,
    "purity": 0.8028817704037629,
    "linear_entropy": 0.19711822959623715,
    "n_schmidt_terms": 784,
    "effective_schmidt_rank": 2,
    "negativity": 1.4476691181013353,
    "log_negativity": 1.9617486044117425,
    "schmidt_values_top10": [
      0.9442653456533463,
      0.2975252695698573,
      0.053431907567858414,
      0.049608172169509045,
      0.0463287198573865,
      0.04173039759315538,
      0.03326308730974314,
      0.032659283651265116,
      0.030891481840522525,
      0.03020181366707442
    ],
    "schmidt_probs_top10": [
      0.8916370430018336,
      0.08852128603261626,
      0.0028549687463401653,
      0.0024609707459996516,
      0.0021463502836241983,
      0.0017414260832828285,
      0.001106432977375595,
      0.001066628808613793,
      0.0009542836503033329,
      0.0009121495487806832
    ]
  },
  "dot_projected_entanglement": {
    "projection_basis": "masked_localized_ho",
    "projection_basis_config": {
      "projection_basis": "localized_ho",
      "max_ho_shell": 2
    },
    "projected_subspace_weight": 0.9822761117839838,
    "sector_probabilities": {
      "LL": 0.34961251405257443,
      "LR": 0.10420555688448982,
      "RL": 0.10420555629206542,
      "RR": 0.441976372770875
    },
    "projected_sector_probabilities": {
      "LL": 0.34769452210155094,
      "LR": 0.10608557099020016,
      "RL": 0.10608557075357535,
      "RR": 0.4401343361546737
    },
    "region_metadata": {
      "particle_1": {
        "basis_family": "masked_localized_ho",
        "max_ho_shell": 2,
        "n_basis_total": 12,
        "well_metadata": [
          {
            "well_index": 0,
            "well_center": [
              -4.0,
              0.0
            ],
            "raw_mode_labels": [
              [
                0,
                0
              ],
              [
                0,
                1
              ],
              [
                1,
                0
              ],
              [
                0,
                2
              ],
              [
                1,
                1
              ],
              [
                2,
                0
              ]
            ],
            "n_raw_modes": 6,
            "n_orthonormal_modes": 6,
            "region_measure": 90.00000000000001,
            "region_point_count": 392
          },
          {
            "well_index": 1,
            "well_center": [
              4.0,
              0.0
            ],
            "raw_mode_labels": [
              [
                0,
                0
              ],
              [
                0,
                1
              ],
              [
                1,
                0
              ],
              [
                0,
                2
              ],
              [
                1,
                1
              ],
              [
                2,
                0
              ]
            ],
            "n_raw_modes": 6,
            "n_orthonormal_modes": 6,
            "region_measure": 90.00000000000001,
            "region_point_count": 392
          }
        ]
      },
      "particle_2": {
        "basis_family": "masked_localized_ho",
        "max_ho_shell": 2,
        "n_basis_total": 12,
        "well_metadata": [
          {
            "well_index": 0,
            "well_center": [
              -4.0,
              0.0
            ],
            "raw_mode_labels": [
              [
                0,
                0
              ],
              [
                0,
                1
              ],
              [
                1,
                0
              ],
              [
                0,
                2
              ],
              [
                1,
                1
              ],
              [
                2,
                0
              ]
            ],
            "n_raw_modes": 6,
            "n_orthonormal_modes": 6,
            "region_measure": 90.00000000000001,
            "region_point_count": 392
          },
          {
            "well_index": 1,
            "well_center": [
              4.0,
              0.0
            ],
            "raw_mode_labels": [
              [
                0,
                0
              ],
              [
                0,
                1
              ],
              [
                1,
                0
              ],
              [
                0,
                2
              ],
              [
                1,
                1
              ],
              [
                2,
                0
              ]
            ],
            "n_raw_modes": 6,
            "n_orthonormal_modes": 6,
            "region_measure": 90.00000000000001,
            "region_point_count": 392
          }
        ]
      }
    },
    "basis_dimensions": {
      "particle_1": 12,
      "particle_2": 12
    },