{
  "source": "results/imag_time_pinn/quench_sep_fast_d8p00_to_d4p00_checkpoint.pt",
  "tau": 0.6,
  "npts": 16,
  "n_grid_per_particle": 256,
  "system": {
    "n_particles": 2,
    "dim": 2,
    "omega": 1.0,
    "n_wells": 2,
    "well_centers": [
      [
        -4.0,
        0.0
      ],
      [
        4.0,
        0.0
      ]
    ]
  },
  "entanglement": {
    "norm2_before_normalisation": 91314.18003270713,
    "norm_M_squared": 1.0000000000000067,
    "von_neumann_entropy": 0.38002320619114094,
    "purity": 0.8302922919912753,
    "linear_entropy": 0.1697077080087247,
    "n_schmidt_terms": 256,
    "effective_schmidt_rank": 3,
    "negativity": 0.7003286823681959,
    "log_negativity": 1.2634295087453833,
    "schmidt_values_top10": [
      0.9530544028397469,
      0.267324739858075,
      0.10470271324333114,
      0.0678639121434652,
      0.05852387965891037,
      0.020003221896933644,
      0.01808034919813064,
      0.013708361988045944,
      0.010461658854543929,
      0.009776146883488039
    ],
    "schmidt_probs_top10": [
      0.908312694772221,
      0.07146251654018702,
      0.010962658160515164,
      0.0046055105714159356,
      0.003425044490330603,
      0.0004001288862579632,
      0.0003268990271263413,
      0.00018791918839530181,
      0.00010944630598885674,
      9.557304788753233e-05
    ]
  }
}