{
  "source": "results/p4_n2_nonmcmc_residual_anneal_d2_s42_20260414_160054",
  "tau": null,
  "npts": 24,
  "n_grid_per_particle": 576,
  "dot_projection_config": {
    "basis": "localized_ho",
    "max_ho_shell": 2
  },
  "system": {
    "n_particles": 2,
    "dim": 2,
    "omega": 1.0,
    "n_wells": 2,
    "well_centers": [
      [
        -1.0,
        0.0
      ],
      [
        1.0,
        0.0
      ]
    ]
  },
  "entanglement": {
    "norm2_before_normalisation": 70.53786826329414,
    "norm_M_squared": 1.000000000000005,
    "von_neumann_entropy": 0.329689333113203,
    "purity": 0.868208653984944,
    "linear_entropy": 0.13179134601505604,
    "n_schmidt_terms": 576,
    "effective_schmidt_rank": 2,
    "negativity": 0.871102311796355,
    "log_negativity": 1.4553362291871235,
    "schmidt_values_top10": [
      0.9645805885154588,
      0.2218512469542753,
      0.09001519463620981,
      0.08039443510282747,
      0.039515841284325684,
      0.03578863425334279,
      0.03051326264129814,
      0.019887870872360998,
      0.019696268155470337,
      0.015463376512964871
    ],
    "schmidt_probs_top10": [
      0.9304157117408288,
      0.049217975775166845,
      0.008102735265394736,
      0.006463265195502737,
      0.001561501712408018,
      0.001280826341719541,
      0.0009310591970168407,
      0.000395527407835705,
      0.0003879429792521949,
      0.0002391160131817136
    ]
  },
  "dot_projected_entanglement": {
    "projection_basis": "masked_localized_ho",
    "projection_basis_config": {
      "projection_basis": "localized_ho",
      "max_ho_shell": 2
    },
    "projected_subspace_weight": 0.9908582945839242,
    "sector_probabilities": {
      "LL": 0.09627783372726191,
      "LR": 0.3596490321606522,
      "RL": 0.3002241143683193,
      "RR": 0.24384901974377168
    },
    "projected_sector_probabilities": {
      "LL": 0.09516031829177764,
      "LR": 0.3625043523929076,
      "RL": 0.3023569562442314,
      "RR": 0.2399783730710831
    },
    "region_metadata": {
      "particle_1": {
        "basis_family": "masked_localized_ho",
        "max_ho_shell": 2,
        "n_basis_total": 12,
        "well_metadata": [
          {
            "well_index": 0,
            "well_center": [
              -1.0,
              0.0
            ],
            "raw_mode_labels": [
              [
                0,
                0
              ],
              [
                0,
                1
              ],
              [
                1,
                0
              ],
              [
                0,
                2
              ],
              [
                1,
                1
              ],
              [
                2,
                0
              ]
            ],
            "n_raw_modes": 6,
            "n_orthonormal_modes": 6,
            "region_measure": 59.99999999999999,
            "region_point_count": 288
          },
          {
            "well_index": 1,
            "well_center": [
              1.0,
              0.0
            ],
            "raw_mode_labels": [
              [
                0,
                0
              ],
              [
                0,
                1
              ],
              [
                1,
                0
              ],
              [
                0,
                2
              ],
              [
                1,
                1
              ],
              [
                2,
                0
              ]
            ],
            "n_raw_modes": 6,
            "n_orthonormal_modes": 6,
            "region_measure": 59.99999999999999,
            "region_point_count": 288
          }
        ]
      },
      "particle_2": {
        "basis_family": "masked_localized_ho",
        "max_ho_shell": 2,
        "n_basis_total": 12,
        "well_metadata": [
          {
            "well_index": 0,
            "well_center": [
              -1.0,
              0.0
            ],
            "raw_mode_labels": [
              [
                0,
                0
              ],
              [
                0,
                1
              ],
              [
                1,
                0
              ],
              [
                0,
                2
              ],
              [
                1,
                1
              ],
              [
                2,
                0
              ]
            ],
            "n_raw_modes": 6,
            "n_orthonormal_modes": 6,
            "region_measure": 59.99999999999999,
            "region_point_count": 288
          },
          {
            "well_index": 1,
            "well_center": [
              1.0,
              0.0
            ],
            "raw_mode_labels": [
              [
                0,
                0
              ],
              [
                0,
                1
              ],
              [
                1,
                0
              ],
              [
                0,
                2
              ],
              [
                1,
                1
              ],
              [
                2,
                0
              ]
            ],
            "n_raw_modes": 6,
            "n_orthonormal_modes": 6,
            "region_measure": 59.99999999999999,
            "region_point_count": 288
          }
        ]
      }
    },
    "basis_dimensions": {
      "particle_1": 12,
      "particle_2": 12
    },