{
  "source": "results/imag_time_pinn/quench_sep_fast_d8p00_to_d4p00_checkpoint.pt",
  "tau": 0.0,
  "npts": 16,
  "n_grid_per_particle": 256,
  "system": {
    "n_particles": 2,
    "dim": 2,
    "omega": 1.0,
    "n_wells": 2,
    "well_centers": [
      [
        -4.0,
        0.0
      ],
      [
        4.0,
        0.0
      ]
    ]
  },
  "entanglement": {
    "norm2_before_normalisation": 2766732383.442,
    "norm_M_squared": 1.0000000000000064,
    "von_neumann_entropy": 0.714167110737393,
    "purity": 0.5472047859412668,
    "linear_entropy": 0.45279521405873324,
    "n_schmidt_terms": 256,
    "effective_schmidt_rank": 3,
    "negativity": 0.8201402209827154,
    "log_negativity": 1.400691176077968,
    "schmidt_values_top10": [
      0.8189470995589866,
      0.558340136064496,
      0.1208461197243978,
      0.04049608325160602,
      0.0257457014815268,
      0.018603585143058165,
      0.013012267732956863,
      0.010457613508868046,
      0.005004360679021374,
      0.0031759552513730476
    ],
    "schmidt_probs_top10": [
      0.6706743518760724,
      0.31174370754051783,
      0.014603784652443393,
      0.0016399327587209953,
      0.0006628411447758871,
      0.00034609338017501225,
      0.00016931911155414924,
      0.00010936168030085874,
      2.5043625805735104e-05,
      1.0086691758723974e-05
    ]
  }
}