{
  "source": "results/p4_n2_nonmcmc_residual_anneal_d2_s42_20260414_160054",
  "tau": null,
  "npts": 32,
  "n_grid_per_particle": 1024,
  "dot_projection_config": {
    "basis": "localized_ho",
    "max_ho_shell": 2
  },
  "system": {
    "n_particles": 2,
    "dim": 2,
    "omega": 1.0,
    "n_wells": 2,
    "well_centers": [
      [
        -1.0,
        0.0
      ],
      [
        1.0,
        0.0
      ]
    ]
  },
  "entanglement": {
    "norm2_before_normalisation": 70.57600794011171,
    "norm_M_squared": 1.0000000000000056,
    "von_neumann_entropy": 0.3193201808509164,
    "purity": 0.87197571422397,
    "linear_entropy": 0.12802428577602998,
    "n_schmidt_terms": 1024,
    "effective_schmidt_rank": 2,
    "negativity": 0.872651615197652,
    "log_negativity": 1.456965509823009,
    "schmidt_values_top10": [
      0.9656541202081725,
      0.21986097415486416,
      0.08847256908586104,
      0.07943766929462072,
      0.03777155297249068,
      0.03303472596903247,
      0.029945124861035535,
      0.018730895678483572,
      0.01720950235479398,
      0.014683805357993976
    ],
    "schmidt_probs_top10": [
      0.9324878798750197,
      0.04833884795632585,
      0.007827395480652454,
      0.006310343302961528,
      0.0014266902139536694,
      0.0010912931198490685,
      0.0008967105029430084,
      0.0003508464529182346,
      0.00029616697129965957,
      0.0002156141397914526
    ]
  },
  "dot_projected_entanglement": {
    "projection_basis": "masked_localized_ho",
    "projection_basis_config": {
      "projection_basis": "localized_ho",
      "max_ho_shell": 2
    },
    "projected_subspace_weight": 0.9902893210021239,
    "sector_probabilities": {
      "LL": 0.09688405580654336,
      "LR": 0.3591002490184216,
      "RL": 0.2996414176127499,
      "RR": 0.24437427756229058
    },
    "projected_sector_probabilities": {
      "LL": 0.09578592261618153,
      "LR": 0.36195747746950196,
      "RL": 0.30163560444923404,
      "RR": 0.24062099546508262
    },
    "region_metadata": {
      "particle_1": {
        "basis_family": "masked_localized_ho",
        "max_ho_shell": 2,
        "n_basis_total": 12,
        "well_metadata": [
          {
            "well_index": 0,
            "well_center": [
              -1.0,
              0.0
            ],
            "raw_mode_labels": [
              [
                0,
                0
              ],
              [
                0,
                1
              ],
              [
                1,
                0
              ],
              [
                0,
                2
              ],
              [
                1,
                1
              ],
              [
                2,
                0
              ]
            ],
            "n_raw_modes": 6,
            "n_orthonormal_modes": 6,
            "region_measure": 59.999999999999986,
            "region_point_count": 512
          },
          {
            "well_index": 1,
            "well_center": [
              1.0,
              0.0
            ],
            "raw_mode_labels": [
              [
                0,
                0
              ],
              [
                0,
                1
              ],
              [
                1,
                0
              ],
              [
                0,
                2
              ],
              [
                1,
                1
              ],
              [
                2,
                0
              ]
            ],
            "n_raw_modes": 6,
            "n_orthonormal_modes": 6,
            "region_measure": 59.99999999999999,
            "region_point_count": 512
          }
        ]
      },
      "particle_2": {
        "basis_family": "masked_localized_ho",
        "max_ho_shell": 2,
        "n_basis_total": 12,
        "well_metadata": [
          {
            "well_index": 0,
            "well_center": [
              -1.0,
              0.0
            ],
            "raw_mode_labels": [
              [
                0,
                0
              ],
              [
                0,
                1
              ],
              [
                1,
                0
              ],
              [
                0,
                2
              ],
              [
                1,
                1
              ],
              [
                2,
                0
              ]
            ],
            "n_raw_modes": 6,
            "n_orthonormal_modes": 6,
            "region_measure": 59.999999999999986,
            "region_point_count": 512
          },
          {
            "well_index": 1,
            "well_center": [
              1.0,
              0.0
            ],
            "raw_mode_labels": [
              [
                0,
                0
              ],
              [
                0,
                1
              ],
              [
                1,
                0
              ],
              [
                0,
                2
              ],
              [
                1,
                1
              ],
              [
                2,
                0
              ]
            ],
            "n_raw_modes": 6,
            "n_orthonormal_modes": 6,
            "region_measure": 59.99999999999999,
            "region_point_count": 512
          }
        ]
      }
    },
    "basis_dimensions": {
      "particle_1": 12,
      "particle_2": 12
    },