{
  "source": "results/imag_time_pinn/quench_sep_fast_d8p00_to_d4p00_checkpoint.pt",
  "tau": 1.0,
  "npts": 28,
  "n_grid_per_particle": 784,
  "dot_projection_config": {
    "basis": "localized_ho",
    "max_ho_shell": 2
  },
  "system": {
    "n_particles": 2,
    "dim": 2,
    "omega": 1.0,
    "n_wells": 2,
    "well_centers": [
      [
        -4.0,
        0.0
      ],
      [
        4.0,
        0.0
      ]
    ]
  },
  "entanglement": {
    "norm2_before_normalisation": 12439.709928269403,
    "norm_M_squared": 1.0000000000000038,
    "von_neumann_entropy": 0.3648363663025997,
    "purity": 0.8472961263556998,
    "linear_entropy": 0.15270387364430016,
    "n_schmidt_terms": 784,
    "effective_schmidt_rank": 3,
    "negativity": 0.8478803732058904,
    "log_negativity": 1.4306924604359392,
    "schmidt_values_top10": [
      0.9583928834136591,
      0.2425454175930904,
      0.09743139090669985,
      0.09058909381586963,
      0.038398378416583744,
      0.03493623211785785,
      0.028150667722166588,
      0.018539615450661833,
      0.015538486539053178,
      0.0139225796006677
    ],
    "schmidt_probs_top10": [
      0.9185169189779476,
      0.0588282795954066,
      0.009492875934014154,
      0.00820638391838043,
      0.0014744354650231644,
      0.0012205403145928427,
      0.0007924600932038317,
      0.000343717341058419,
      0.0002414445639243368,
      0.0001938382227369284
    ]
  },
  "dot_projected_entanglement": {
    "projection_basis": "masked_localized_ho",
    "projection_basis_config": {
      "projection_basis": "localized_ho",
      "max_ho_shell": 2
    },
    "projected_subspace_weight": 0.9494665816080581,
    "sector_probabilities": {
      "LL": 0.00022105075209055903,
      "LR": 1.7096573264508e-05,
      "RL": 0.029781470425499067,
      "RR": 0.9699803822491496
    },
    "projected_sector_probabilities": {
      "LL": 0.0002077379517220711,
      "LR": 1.698970836190361e-05,
      "RL": 0.02952845547077519,
      "RR": 0.9702468168691408
    },
    "region_metadata": {
      "particle_1": {
        "basis_family": "masked_localized_ho",
        "max_ho_shell": 2,
        "n_basis_total": 12,
        "well_metadata": [
          {
            "well_index": 0,
            "well_center": [
              -4.0,
              0.0
            ],
            "raw_mode_labels": [
              [
                0,
                0
              ],
              [
                0,
                1
              ],
              [
                1,
                0
              ],
              [
                0,
                2
              ],
              [
                1,
                1
              ],
              [
                2,
                0
              ]
            ],
            "n_raw_modes": 6,
            "n_orthonormal_modes": 6,
            "region_measure": 90.00000000000001,
            "region_point_count": 392
          },
          {
            "well_index": 1,
            "well_center": [
              4.0,
              0.0
            ],
            "raw_mode_labels": [
              [
                0,
                0
              ],
              [
                0,
                1
              ],
              [
                1,
                0
              ],
              [
                0,
                2
              ],
              [
                1,
                1
              ],
              [
                2,
                0
              ]
            ],
            "n_raw_modes": 6,
            "n_orthonormal_modes": 6,
            "region_measure": 90.00000000000001,
            "region_point_count": 392
          }
        ]
      },
      "particle_2": {
        "basis_family": "masked_localized_ho",
        "max_ho_shell": 2,
        "n_basis_total": 12,
        "well_metadata": [
          {
            "well_index": 0,
            "well_center": [
              -4.0,
              0.0
            ],
            "raw_mode_labels": [
              [
                0,
                0
              ],
              [
                0,
                1
              ],
              [
                1,
                0
              ],
              [
                0,
                2
              ],
              [
                1,
                1
              ],
              [
                2,
                0
              ]
            ],
            "n_raw_modes": 6,
            "n_orthonormal_modes": 6,
            "region_measure": 90.00000000000001,
            "region_point_count": 392
          },
          {
            "well_index": 1,
            "well_center": [
              4.0,
              0.0
            ],
            "raw_mode_labels": [
              [
                0,
                0
              ],
              [
                0,
                1
              ],
              [
                1,
                0
              ],
              [
                0,
                2
              ],
              [
                1,
                1
              ],
              [
                2,
                0
              ]
            ],
            "n_raw_modes": 6,
            "n_orthonormal_modes": 6,
            "region_measure": 90.00000000000001,
            "region_point_count": 392
          }
        ]
      }
    },
    "basis_dimensions": {
      "particle_1": 12,
      "particle_2": 12
    },