{
  "result_dir": "results/p4_n2_nonmcmc_residual_anneal_d8_s42_20260414_160016",
  "npts": 30,
  "n_grid_per_particle": 900,
  "system": {
    "n_particles": 2,
    "dim": 2,
    "omega": 1.0,
    "n_wells": 2,
    "well_centers": [
      [
        -4.0,
        0.0
      ],
      [
        4.0,
        0.0
      ]
    ]
  },
  "entanglement": {
    "norm2_before_normalisation": 14.846805413346424,
    "norm_M_squared": 1.0000000000000058,
    "von_neumann_entropy": 0.4462040440834222,
    "purity": 0.8040374681100761,
    "linear_entropy": 0.19596253188992385,
    "n_schmidt_terms": 900,
    "effective_schmidt_rank": 2,
    "negativity": 1.4742986326177667,
    "log_negativity": 1.9813402285029849,
    "schmidt_values_top10": [
      0.9445560740907721,
      0.2992422247063379,
      0.05052870539208068,
      0.0469041541246985,
      0.042831186431543274,
      0.03910117757288245,
      0.030810259995450374,
      0.029771272529263197,
      0.029474747525277893,
      0.0282873551403054
    ],
    "schmidt_probs_top10": [
      0.8921861771017688,
      0.08954590904719807,
      0.002553150068599674,
      0.002199999674153463,
      0.0018345105311336097,
      0.0015289020875860796,
      0.0009492721209872462,
      0.0008863286680116582,
      0.0008687607416788721,
      0.0008001744608337592
    ]
  }
}