{
  "source": "results/imag_time_pinn/quench_sep_fast_d8p00_to_d4p00_checkpoint.pt",
  "tau": 1.0,
  "npts": 24,
  "n_grid_per_particle": 576,
  "dot_projection_config": {
    "basis": "localized_ho",
    "max_ho_shell": 2
  },
  "system": {
    "n_particles": 2,
    "dim": 2,
    "omega": 1.0,
    "n_wells": 2,
    "well_centers": [
      [
        -4.0,
        0.0
      ],
      [
        4.0,
        0.0
      ]
    ]
  },
  "entanglement": {
    "norm2_before_normalisation": 12356.43770479321,
    "norm_M_squared": 1.0000000000000049,
    "von_neumann_entropy": 0.3738223255494136,
    "purity": 0.842845632232444,
    "linear_entropy": 0.15715436776755598,
    "n_schmidt_terms": 576,
    "effective_schmidt_rank": 3,
    "negativity": 0.8308631469374812,
    "log_negativity": 1.4123622261066464,
    "schmidt_values_top10": [
      0.9570811670363426,
      0.24479916878473926,
      0.1013821807957497,
      0.09476657638257789,
      0.03961033321455425,
      0.027808372752342013,
      0.026076535980795068,
      0.023682789413121894,
      0.020457237885704048,
      0.016749140611544668
    ],
    "schmidt_probs_top10": [
      0.9160043602956476,
      0.05992663303769926,
      0.01027834658290208,
      0.00898070399927497,
      0.0015689784973680193,
      0.0007733055951331977,
      0.0006799857287576998,
      0.0005608745143862784,
      0.000418498581912285,
      0.0002805337112252949
    ]
  },
  "dot_projected_entanglement": {
    "projection_basis": "masked_localized_ho",
    "projection_basis_config": {
      "projection_basis": "localized_ho",
      "max_ho_shell": 2
    },
    "projected_subspace_weight": 0.9497426609179924,
    "sector_probabilities": {
      "LL": 0.00022235226685102155,
      "LR": 1.7236270318243303e-05,
      "RL": 0.029999846475397697,
      "RR": 0.9697605649874379
    },
    "projected_sector_probabilities": {
      "LL": 0.00020852470687757614,
      "LR": 1.723879576469686e-05,
      "RL": 0.02973658962303415,
      "RR": 0.9700376468743236
    },
    "region_metadata": {
      "particle_1": {
        "basis_family": "masked_localized_ho",
        "max_ho_shell": 2,
        "n_basis_total": 12,
        "well_metadata": [
          {
            "well_index": 0,
            "well_center": [
              -4.0,
              0.0
            ],
            "raw_mode_labels": [
              [
                0,
                0
              ],
              [
                0,
                1
              ],
              [
                1,
                0
              ],
              [
                0,
                2
              ],
              [
                1,
                1
              ],
              [
                2,
                0
              ]
            ],
            "n_raw_modes": 6,
            "n_orthonormal_modes": 6,
            "region_measure": 90.0,
            "region_point_count": 288
          },
          {
            "well_index": 1,
            "well_center": [
              4.0,
              0.0
            ],
            "raw_mode_labels": [
              [
                0,
                0
              ],
              [
                0,
                1
              ],
              [
                1,
                0
              ],
              [
                0,
                2
              ],
              [
                1,
                1
              ],
              [
                2,
                0
              ]
            ],
            "n_raw_modes": 6,
            "n_orthonormal_modes": 6,
            "region_measure": 90.0,
            "region_point_count": 288
          }
        ]
      },
      "particle_2": {
        "basis_family": "masked_localized_ho",
        "max_ho_shell": 2,
        "n_basis_total": 12,
        "well_metadata": [
          {
            "well_index": 0,
            "well_center": [
              -4.0,
              0.0
            ],
            "raw_mode_labels": [
              [
                0,
                0
              ],
              [
                0,
                1
              ],
              [
                1,
                0
              ],
              [
                0,
                2
              ],
              [
                1,
                1
              ],
              [
                2,
                0
              ]
            ],
            "n_raw_modes": 6,
            "n_orthonormal_modes": 6,
            "region_measure": 90.0,
            "region_point_count": 288
          },
          {
            "well_index": 1,
            "well_center": [
              4.0,
              0.0
            ],
            "raw_mode_labels": [
              [
                0,
                0
              ],
              [
                0,
                1
              ],
              [
                1,
                0
              ],
              [
                0,
                2
              ],
              [
                1,
                1
              ],
              [
                2,
                0
              ]
            ],
            "n_raw_modes": 6,
            "n_orthonormal_modes": 6,
            "region_measure": 90.0,
            "region_point_count": 288
          }
        ]
      }
    },
    "basis_dimensions": {
      "particle_1": 12,
      "particle_2": 12
    },