{
  "result_dir": "results/arch_n2_pinn_s301_20260406_094925",
  "npts": 30,
  "n_grid_per_particle": 900,
  "system": {
    "n_particles": 2,
    "dim": 2,
    "omega": 1.0,
    "n_wells": 2,
    "well_centers": [
      [
        -2.0,
        0.0
      ],
      [
        2.0,
        0.0
      ]
    ]
  },
  "entanglement": {
    "norm2_before_normalisation": 6.814761635168473,
    "norm_M_squared": 1.0000000000000033,
    "von_neumann_entropy": 0.6663903604766734,
    "purity": 0.5289504148912675,
    "linear_entropy": 0.4710495851087325,
    "n_schmidt_terms": 900,
    "effective_schmidt_rank": 2,
    "negativity": 0.5945071136795743,
    "log_negativity": 1.1302813312542568,
    "schmidt_values_top10": [
      0.7878475596577375,
      0.6156685705550539,
      0.008453803777179768,
      0.007210241642046871,
      0.005826526044949404,
      0.0038087254556309594,
      0.0037096539562079265,
      0.0029167573295629584,
      0.0028120203004035694,
      0.0022972106704815076
    ],
    "schmidt_probs_top10": [
      0.6207037772586503,
      0.3790477887693022,
      7.146679830305869e-05,
      5.198758453670659e-05,
      3.3948405752473633e-05,
      1.4506389596371213e-05,
      1.3761532474809078e-05,
      8.507473319559213e-06,
      7.907458169881755e-06,
      5.277176864574082e-06
    ]
  }
}