{
  "source": "results/imag_time_pinn/quench_sep_fast_d8p00_to_d4p00_checkpoint.pt",
  "tau": 0.6,
  "npts": 24,
  "n_grid_per_particle": 576,
  "dot_projection_config": {
    "basis": "localized_ho",
    "max_ho_shell": 2
  },
  "system": {
    "n_particles": 2,
    "dim": 2,
    "omega": 1.0,
    "n_wells": 2,
    "well_centers": [
      [
        -4.0,
        0.0
      ],
      [
        4.0,
        0.0
      ]
    ]
  },
  "entanglement": {
    "norm2_before_normalisation": 86245.78650199312,
    "norm_M_squared": 1.000000000000004,
    "von_neumann_entropy": 0.38135226003177514,
    "purity": 0.8360330937517113,
    "linear_entropy": 0.1639669062482887,
    "n_schmidt_terms": 576,
    "effective_schmidt_rank": 3,
    "negativity": 0.8089787601594978,
    "log_negativity": 1.3884416879163333,
    "schmidt_values_top10": [
      0.9549587582914488,
      0.25462612071215,
      0.10415616011621757,
      0.08831233834222003,
      0.0444221190660878,
      0.029286284490041715,
      0.022225325200341893,
      0.01918626163653441,
      0.015494211967128047,
      0.01409399482365193
    ],
    "schmidt_probs_top10": [
      0.9119462300375458,
      0.06483446134891839,
      0.010848505690155153,
      0.007799069103470746,
      0.0019733246623216813,
      0.0008576864592316579,
      0.0004939650802609524,
      0.0003681126355855521,
      0.00024007060448229397,
      0.0001986406900891274
    ]
  },
  "dot_projected_entanglement": {
    "projection_basis": "masked_localized_ho",
    "projection_basis_config": {
      "projection_basis": "localized_ho",
      "max_ho_shell": 2
    },
    "projected_subspace_weight": 0.92116935429519,
    "sector_probabilities": {
      "LL": 3.534016923642146e-05,
      "LR": 5.12630218087094e-06,
      "RL": 0.04909564543423918,
      "RR": 0.9508638880943476
    },
    "projected_sector_probabilities": {
      "LL": 3.277087436041512e-05,
      "LR": 5.4028019996767034e-06,
      "RL": 0.049137039229811545,
      "RR": 0.9508247870938286
    },
    "region_metadata": {
      "particle_1": {
        "basis_family": "masked_localized_ho",
        "max_ho_shell": 2,
        "n_basis_total": 12,
        "well_metadata": [
          {
            "well_index": 0,
            "well_center": [
              -4.0,
              0.0
            ],
            "raw_mode_labels": [
              [
                0,
                0
              ],
              [
                0,
                1
              ],
              [
                1,
                0
              ],
              [
                0,
                2
              ],
              [
                1,
                1
              ],
              [
                2,
                0
              ]
            ],
            "n_raw_modes": 6,
            "n_orthonormal_modes": 6,
            "region_measure": 90.0,
            "region_point_count": 288
          },
          {
            "well_index": 1,
            "well_center": [
              4.0,
              0.0
            ],
            "raw_mode_labels": [
              [
                0,
                0
              ],
              [
                0,
                1
              ],
              [
                1,
                0
              ],
              [
                0,
                2
              ],
              [
                1,
                1
              ],
              [
                2,
                0
              ]
            ],
            "n_raw_modes": 6,
            "n_orthonormal_modes": 6,
            "region_measure": 90.0,
            "region_point_count": 288
          }
        ]
      },
      "particle_2": {
        "basis_family": "masked_localized_ho",
        "max_ho_shell": 2,
        "n_basis_total": 12,
        "well_metadata": [
          {
            "well_index": 0,
            "well_center": [
              -4.0,
              0.0
            ],
            "raw_mode_labels": [
              [
                0,
                0
              ],
              [
                0,
                1
              ],
              [
                1,
                0
              ],
              [
                0,
                2
              ],
              [
                1,
                1
              ],
              [
                2,
                0
              ]
            ],
            "n_raw_modes": 6,
            "n_orthonormal_modes": 6,
            "region_measure": 90.0,
            "region_point_count": 288
          },
          {
            "well_index": 1,
            "well_center": [
              4.0,
              0.0
            ],
            "raw_mode_labels": [
              [
                0,
                0
              ],
              [
                0,
                1
              ],
              [
                1,
                0
              ],
              [
                0,
                2
              ],
              [
                1,
                1
              ],
              [
                2,
                0
              ]
            ],
            "n_raw_modes": 6,
            "n_orthonormal_modes": 6,
            "region_measure": 90.0,
            "region_point_count": 288
          }
        ]
      }
    },
    "basis_dimensions": {
      "particle_1": 12,
      "particle_2": 12
    },