{
  "source": "results/imag_time_pinn/quench_sep_fast_d8p00_to_d4p00_checkpoint.pt",
  "tau": 2.0,
  "npts": 24,
  "n_grid_per_particle": 576,
  "dot_projection_config": {
    "basis": "localized_ho",
    "max_ho_shell": 2
  },
  "system": {
    "n_particles": 2,
    "dim": 2,
    "omega": 1.0,
    "n_wells": 2,
    "well_centers": [
      [
        -4.0,
        0.0
      ],
      [
        4.0,
        0.0
      ]
    ]
  },
  "entanglement": {
    "norm2_before_normalisation": 832.0075288786434,
    "norm_M_squared": 1.0000000000000062,
    "von_neumann_entropy": 0.3071706195391801,
    "purity": 0.8810109170067048,
    "linear_entropy": 0.11898908299329525,
    "n_schmidt_terms": 576,
    "effective_schmidt_rank": 2,
    "negativity": 0.7929861363621433,
    "log_negativity": 1.3707068063865189,
    "schmidt_values_top10": [
      0.9683019463505166,
      0.20606040237097656,
      0.08664453544724246,
      0.07487985212826298,
      0.050832169981787335,
      0.03670629805696904,
      0.031115653526808888,
      0.027264595725025736,
      0.017448798472880077,
      0.014646452699386905
    ],
    "schmidt_probs_top10": [
      0.9376086593061987,
      0.042460889425288764,
      0.007507275522868455,
      0.00560699225475053,
      0.0025839095050573216,
      0.001347352317047049,
      0.0009681838944004144,
      0.0007433581800490917,
      0.00030446056814718213,
      0.00021451857667537796
    ]
  },
  "dot_projected_entanglement": {
    "projection_basis": "masked_localized_ho",
    "projection_basis_config": {
      "projection_basis": "localized_ho",
      "max_ho_shell": 2
    },
    "projected_subspace_weight": 0.9510350241457108,
    "sector_probabilities": {
      "LL": 0.0028800451301167662,
      "LR": 3.674304670440394e-05,
      "RL": 0.2262531768323171,
      "RR": 0.7708300349908679
    },
    "projected_sector_probabilities": {
      "LL": 0.0028121149645697983,
      "LR": 3.562394110712386e-05,
      "RL": 0.2275385115132523,
      "RR": 0.7696137495810708
    },
    "region_metadata": {
      "particle_1": {
        "basis_family": "masked_localized_ho",
        "max_ho_shell": 2,
        "n_basis_total": 12,
        "well_metadata": [
          {
            "well_index": 0,
            "well_center": [
              -4.0,
              0.0
            ],
            "raw_mode_labels": [
              [
                0,
                0
              ],
              [
                0,
                1
              ],
              [
                1,
                0
              ],
              [
                0,
                2
              ],
              [
                1,
                1
              ],
              [
                2,
                0
              ]
            ],
            "n_raw_modes": 6,
            "n_orthonormal_modes": 6,
            "region_measure": 90.0,
            "region_point_count": 288
          },
          {
            "well_index": 1,
            "well_center": [
              4.0,
              0.0
            ],
            "raw_mode_labels": [
              [
                0,
                0
              ],
              [
                0,
                1
              ],
              [
                1,
                0
              ],
              [
                0,
                2
              ],
              [
                1,
                1
              ],
              [
                2,
                0
              ]
            ],
            "n_raw_modes": 6,
            "n_orthonormal_modes": 6,
            "region_measure": 90.0,
            "region_point_count": 288
          }
        ]
      },
      "particle_2": {
        "basis_family": "masked_localized_ho",
        "max_ho_shell": 2,
        "n_basis_total": 12,
        "well_metadata": [
          {
            "well_index": 0,
            "well_center": [
              -4.0,
              0.0
            ],
            "raw_mode_labels": [
              [
                0,
                0
              ],
              [
                0,
                1
              ],
              [
                1,
                0
              ],
              [
                0,
                2
              ],
              [
                1,
                1
              ],
              [
                2,
                0
              ]
            ],
            "n_raw_modes": 6,
            "n_orthonormal_modes": 6,
            "region_measure": 90.0,
            "region_point_count": 288
          },
          {
            "well_index": 1,
            "well_center": [
              4.0,
              0.0
            ],
            "raw_mode_labels": [
              [
                0,
                0
              ],
              [
                0,
                1
              ],
              [
                1,
                0
              ],
              [
                0,
                2
              ],
              [
                1,
                1
              ],
              [
                2,
                0
              ]
            ],
            "n_raw_modes": 6,
            "n_orthonormal_modes": 6,
            "region_measure": 90.0,
            "region_point_count": 288
          }
        ]
      }
    },
    "basis_dimensions": {
      "particle_1": 12,
      "particle_2": 12
    },