{
  "source": "results/imag_time_pinn/quench_sep_fast_d8p00_to_d4p00_checkpoint.pt",
  "tau": 2.0,
  "npts": 16,
  "n_grid_per_particle": 256,
  "system": {
    "n_particles": 2,
    "dim": 2,
    "omega": 1.0,
    "n_wells": 2,
    "well_centers": [
      [
        -4.0,
        0.0
      ],
      [
        4.0,
        0.0
      ]
    ]
  },
  "entanglement": {
    "norm2_before_normalisation": 758.3809108809265,
    "norm_M_squared": 1.000000000000008,
    "von_neumann_entropy": 0.33476891362517436,
    "purity": 0.8628896837998119,
    "linear_entropy": 0.1371103162001881,
    "n_schmidt_terms": 256,
    "effective_schmidt_rank": 2,
    "negativity": 0.7158260997757827,
    "log_negativity": 1.2819368941331954,
    "schmidt_values_top10": [
      0.9630057417841767,
      0.22897155432209232,
      0.08951167602043393,
      0.07031972503681563,
      0.062285095455625994,
      0.03831340933740099,
      0.03155825587347329,
      0.024295267804063117,
      0.011414053184017692,
      0.008536704665001045
    ],
    "schmidt_probs_top10": [
      0.9273800587092841,
      0.05242797268867439,
      0.008012340143987055,
      0.00494486372925331,
      0.0038794331159164065,
      0.0014679173350552318,
      0.000995923513775602,
      0.0005902600376711404,
      0.00013028061008758322,
      7.287532653744993e-05
    ]
  }
}