{
  "source": "results/p4_n2_nonmcmc_residual_anneal_d2_s42_20260414_160054",
  "tau": null,
  "npts": 12,
  "n_grid_per_particle": 144,
  "dot_projection_config": {
    "basis": "localized_ho",
    "max_ho_shell": 2
  },
  "system": {
    "n_particles": 2,
    "dim": 2,
    "omega": 1.0,
    "n_wells": 2,
    "well_centers": [
      [
        -1.0,
        0.0
      ],
      [
        1.0,
        0.0
      ]
    ]
  },
  "entanglement": {
    "norm2_before_normalisation": 69.42650666348256,
    "norm_M_squared": 1.0000000000000049,
    "von_neumann_entropy": 0.4476246917424965,
    "purity": 0.81927890269001,
    "linear_entropy": 0.18072109730998998,
    "n_schmidt_terms": 144,
    "effective_schmidt_rank": 4,
    "negativity": 0.87064910939552,
    "log_negativity": 1.4548592837885692,
    "schmidt_values_top10": [
      0.9505183978751531,
      0.21312916050783554,
      0.16071697705089555,
      0.11828699375588171,
      0.0889790199179703,
      0.04063707382708386,
      0.035428289652086525,
      0.014926921129036933,
      0.009388685865356735,
      0.009230655067122038
    ],
    "schmidt_probs_top10": [
      0.9034852246991479,
      0.04542403905877472,
      0.025829946712378087,
      0.013991812891804,
      0.007917265985562557,
      0.0016513717692278644,
      0.0012551637076721413,
      0.00022281297439248924,
      8.814742227834934e-05,
      8.520499296818575e-05
    ]
  },
  "dot_projected_entanglement": {
    "projection_basis": "masked_localized_ho",
    "projection_basis_config": {
      "projection_basis": "localized_ho",
      "max_ho_shell": 2
    },
    "projected_subspace_weight": 0.9872322980426391,
    "sector_probabilities": {
      "LL": 0.0938028745774941,
      "LR": 0.34815422619104724,
      "RL": 0.30808107437126875,
      "RR": 0.24996182486019466
    },
    "projected_sector_probabilities": {
      "LL": 0.09111811964771925,
      "LR": 0.3524512797553665,
      "RL": 0.3118819919253723,
      "RR": 0.24454860867154163
    },
    "region_metadata": {
      "particle_1": {
        "basis_family": "masked_localized_ho",
        "max_ho_shell": 2,
        "n_basis_total": 12,
        "well_metadata": [
          {
            "well_index": 0,
            "well_center": [
              -1.0,
              0.0
            ],
            "raw_mode_labels": [
              [
                0,
                0
              ],
              [
                0,
                1
              ],
              [
                1,
                0
              ],
              [
                0,
                2
              ],
              [
                1,
                1
              ],
              [
                2,
                0
              ]
            ],
            "n_raw_modes": 6,
            "n_orthonormal_modes": 6,
            "region_measure": 59.99999999999999,
            "region_point_count": 72
          },
          {
            "well_index": 1,
            "well_center": [
              1.0,
              0.0
            ],
            "raw_mode_labels": [
              [
                0,
                0
              ],
              [
                0,
                1
              ],
              [
                1,
                0
              ],
              [
                0,
                2
              ],
              [
                1,
                1
              ],
              [
                2,
                0
              ]
            ],
            "n_raw_modes": 6,
            "n_orthonormal_modes": 6,
            "region_measure": 59.99999999999999,
            "region_point_count": 72
          }
        ]
      },
      "particle_2": {
        "basis_family": "masked_localized_ho",
        "max_ho_shell": 2,
        "n_basis_total": 12,
        "well_metadata": [
          {
            "well_index": 0,
            "well_center": [
              -1.0,
              0.0
            ],
            "raw_mode_labels": [
              [
                0,
                0
              ],
              [
                0,
                1
              ],
              [
                1,
                0
              ],
              [
                0,
                2
              ],
              [
                1,
                1
              ],
              [
                2,
                0
              ]
            ],
            "n_raw_modes": 6,
            "n_orthonormal_modes": 6,
            "region_measure": 59.99999999999999,
            "region_point_count": 72
          },
          {
            "well_index": 1,
            "well_center": [
              1.0,
              0.0
            ],
            "raw_mode_labels": [
              [
                0,
                0
              ],
              [
                0,
                1
              ],
              [
                1,
                0
              ],
              [
                0,
                2
              ],
              [
                1,
                1
              ],
              [
                2,
                0
              ]
            ],
            "n_raw_modes": 6,
            "n_orthonormal_modes": 6,
            "region_measure": 59.99999999999999,
            "region_point_count": 72
          }
        ]
      }
    },
    "basis_dimensions": {
      "particle_1": 12,
      "particle_2": 12
    },