{
  "source": "results/p4_n2_nonmcmc_residual_anneal_d2_s42_20260414_160054",
  "tau": null,
  "npts": 16,
  "n_grid_per_particle": 256,
  "system": {
    "n_particles": 2,
    "dim": 2,
    "omega": 1.0,
    "n_wells": 2,
    "well_centers": [
      [
        -1.0,
        0.0
      ],
      [
        1.0,
        0.0
      ]
    ]
  },
  "entanglement": {
    "norm2_before_normalisation": 70.5450821403983,
    "norm_M_squared": 1.0000000000000064,
    "von_neumann_entropy": 0.3736131894098496,
    "purity": 0.8522016621502132,
    "linear_entropy": 0.1477983378497868,
    "n_schmidt_terms": 256,
    "effective_schmidt_rank": 4,
    "negativity": 0.8736557738304558,
    "log_negativity": 1.4580205226377867,
    "schmidt_values_top10": [
      0.9600576235140249,
      0.22197336981333385,
      0.10177352084759238,
      0.1000839125505539,
      0.05182917808067886,
      0.048083057035138904,
      0.03792131041131144,
      0.02847424093661532,
      0.02451602220070484,
      0.017732712045581956
    ],
    "schmidt_probs_top10": [
      0.9217106404673923,
      0.04927217690628681,
      0.010357849545715265,
      0.010016789551426868,
      0.002686263700518708,
      0.002311980373844409,
      0.00143802578331103,
      0.0008107823969164154,
      0.0006010353445454493,
      0.00031444907649152574
    ]
  }
}