{
  "source": "results/p4_n2_nonmcmc_residual_anneal_d2_s42_20260414_160054",
  "tau": null,
  "npts": 20,
  "n_grid_per_particle": 400,
  "system": {
    "n_particles": 2,
    "dim": 2,
    "omega": 1.0,
    "n_wells": 2,
    "well_centers": [
      [
        -1.0,
        0.0
      ],
      [
        1.0,
        0.0
      ]
    ]
  },
  "entanglement": {
    "norm2_before_normalisation": 70.5131938097038,
    "norm_M_squared": 1.0000000000000044,
    "von_neumann_entropy": 0.3427918060285151,
    "purity": 0.8630717525661509,
    "linear_entropy": 0.13692824743384913,
    "n_schmidt_terms": 400,
    "effective_schmidt_rank": 2,
    "negativity": 0.870613718059043,
    "log_negativity": 1.454822031683359,
    "schmidt_values_top10": [
      0.963108688038263,
      0.22461096325583293,
      0.09260797244649278,
      0.08134396441350294,
      0.042621258261377463,
      0.040776509274302215,
      0.02911333455762334,
      0.024862175658869716,
      0.0202516302401324,
      0.017771053127738877
    ],
    "schmidt_probs_top10": [
      0.9275783449747801,
      0.05045008481471291,
      0.00857623656065033,
      0.006616840546505204,
      0.0018165716557830287,
      0.0016627237085972471,
      0.0008475862490641017,
      0.0006181277784924911,
      0.0004101285273830432,
      0.0003158103292689163
    ]
  }
}