{
  "source": "results/p4_n2_nonmcmc_residual_anneal_s42_20260414_150947",
  "tau": null,
  "npts": 12,
  "n_grid_per_particle": 144,
  "dot_projection_config": {
    "basis": "localized_ho",
    "max_ho_shell": 1
  },
  "system": {
    "n_particles": 2,
    "dim": 2,
    "omega": 1.0,
    "n_wells": 2,
    "well_centers": [
      [
        -2.0,
        0.0
      ],
      [
        2.0,
        0.0
      ]
    ]
  },
  "entanglement": {
    "norm2_before_normalisation": 27.44002875060051,
    "norm_M_squared": 1.000000000000006,
    "von_neumann_entropy": 0.2870457259403347,
    "purity": 0.9012937032885407,
    "linear_entropy": 0.09870629671145925,
    "n_schmidt_terms": 144,
    "effective_schmidt_rank": 3,
    "negativity": 0.7167562732129336,
    "log_negativity": 1.2830402127177996,
    "schmidt_values_top10": [
      0.974199391380631,
      0.12374018485818673,
      0.11971396632558953,
      0.09493518360715812,
      0.07786679830074161,
      0.04895910740709555,
      0.04579595012404408,
      0.039286406268281955,
      0.010050004851555184,
      0.004613619281921156
    ],
    "schmidt_probs_top10": [
      0.949064454166392,
      0.015311633348738226,
      0.014331433733404385,
      0.009012689086524825,
      0.006063238277608377,
      0.0023969941980995185,
      0.002097269047763933,
      0.0015434217174765037,
      0.00010100259751628273,
      2.1285482878514684e-05
    ]
  },
  "dot_projected_entanglement": {
    "projection_basis": "masked_localized_ho",
    "projection_basis_config": {
      "projection_basis": "localized_ho",
      "max_ho_shell": 1
    },
    "projected_subspace_weight": 0.9698579359047519,
    "sector_probabilities": {
      "LL": 0.23368954181203058,
      "LR": 0.2595007174633967,
      "RL": 0.25915621759380847,
      "RR": 0.24765352313077016
    },
    "projected_sector_probabilities": {
      "LL": 0.22588914610467262,
      "LR": 0.26749128542452943,
      "RL": 0.2671386084486363,
      "RR": 0.23948096002216132
    },
    "region_metadata": {
      "particle_1": {
        "basis_family": "masked_localized_ho",
        "max_ho_shell": 1,
        "n_basis_total": 6,
        "well_metadata": [
          {
            "well_index": 0,
            "well_center": [
              -2.0,
              0.0
            ],
            "raw_mode_labels": [
              [
                0,
                0
              ],
              [
                0,
                1
              ],
              [
                1,
                0
              ]
            ],
            "n_raw_modes": 3,
            "n_orthonormal_modes": 3,
            "region_measure": 69.99999999999999,
            "region_point_count": 72
          },
          {
            "well_index": 1,
            "well_center": [
              2.0,
              0.0
            ],
            "raw_mode_labels": [
              [
                0,
                0
              ],
              [
                0,
                1
              ],
              [
                1,
                0
              ]
            ],
            "n_raw_modes": 3,
            "n_orthonormal_modes": 3,
            "region_measure": 69.99999999999999,
            "region_point_count": 72
          }
        ]
      },
      "particle_2": {
        "basis_family": "masked_localized_ho",
        "max_ho_shell": 1,
        "n_basis_total": 6,
        "well_metadata": [
          {
            "well_index": 0,
            "well_center": [
              -2.0,
              0.0
            ],
            "raw_mode_labels": [
              [
                0,
                0
              ],
              [
                0,
                1
              ],
              [
                1,
                0
              ]
            ],
            "n_raw_modes": 3,
            "n_orthonormal_modes": 3,
            "region_measure": 69.99999999999999,
            "region_point_count": 72
          },
          {
            "well_index": 1,
            "well_center": [
              2.0,
              0.0
            ],
            "raw_mode_labels": [
              [
                0,
                0
              ],
              [
                0,
                1
              ],
              [
                1,
                0
              ]
            ],
            "n_raw_modes": 3,
            "n_orthonormal_modes": 3,
            "region_measure": 69.99999999999999,
            "region_point_count": 72
          }
        ]
      }
    },
    "basis_dimensions": {
      "particle_1": 6,
      "particle_2": 6
    },
    "amplitude_matrix": [
      [
        0.4645748486645609,
        1.8705375844778387e-05,
        -0.017677241250738593,
        0.5168838041406931,
        -0.0005751830433381071,
        -0.002448605639514649
      ],
      [
        2.5051954073742767e-05,
        -0.0646586919589831,
        0.00010791308476167878,
        0.00014715555370952023,
        0.00015199337717135814,
        -0.00014879505443863338
      ],
      [
        -0.03267405816840731,
        0.00010932141979409184,
        -0.06707090380931839,
        -0.01777182189225165,
        -4.095989204280194e-05,
        -0.00043093928713795044
      ],
      [
        0.5167136630843597,
        0.0001398860476437804,
        -0.003729424797270033,
        0.47711414963982274,
        -0.00022541690805079695,
        0.02095614934680475
      ],
      [
        -0.0005612398935628815,
        0.00015454569811410975,
        -5.414173765525541e-05,
        -0.00021228607341639133,
        -0.06828459039704356,
        -0.00017583828621746644
      ],
      [
        0.011443347706558825,
        -0.0001484410240087219,
        -0.0005971647718630582,
        0.03655490152808259,
        -0.00018841836286005012,
        -0.07351652623745883
      ]
    ],
    "direct_partial_transpose": {
      "negativity_direct": 0.35736918161255504,
      "log_negativity_direct": 0.7779884651018865,
      "min_eigenvalue": -0.08250468185415284,
      "n_negative_eigenvalues": 15,
      "negative_eigenvalues": [
        -0.08250468185415284,
        -0.06810344471200529,
        -0.06753832490109318,
        -0.06393787714530454,
        -0.03483804803665638,
        -0.005743972600103995,
        -0.005696309332505979,
        -0.005392640797899396,
        -0.0047020154368278945,
        -0.004451352410286961,
        -0.004414415256182059,
        -0.002938306486696488,
        -0.0024254234895106177,
        -0.002405297417039949,
        -0.0022770717362895158
      ]
    },
    "dot_label_density_matrix": [
      [
        0.22588914610467264,
        0.24077422540802193,
        0.2397742233079533,
        0.2294363530256742
      ],
      [
        0.24077422540802193,
        0.26749128542452943,
        0.26688681849799983,
        0.24593305078274266
      ],
      [
        0.2397742233079533,
        0.26688681849799983,
        0.26713860844863624,
        0.24690502952517113
      ],
      [
        0.2294363530256742,
        0.24593305078274266,
        0.24690502952517113,
        0.2394809600221613
      ]
    ],
    "dot_label_partial_transpose": {
      "negativity": 0.034301773722006136,
      "log_negativity": 0.09572671159710396,
      "min_eigenvalue": -0.034301773722006136,
      "n_negative_eigenvalues": 1,
      "negative_eigenvalues": [
        -0.034301773722006136
      ]
    },
    "von_neumann_entropy": 0.13771159591125787,
    "purity": 0.9570206242284315,
    "linear_entropy": 0.04297937577156852,
    "n_schmidt_terms": 6,
    "effective_schmidt_rank": 1,
    "negativity": 0.3573691816125554,
    "log_negativity": 0.7779884651018871,
    "schmidt_values_top10": [
      0.9890486553858251,
      0.0834182235675433,
      0.06885752722189223,
      0.06828615006280624,
      0.06464583597291537,
      0.035223795964887145
    ],