{
  "source": "results/p4_n2_nonmcmc_residual_anneal_d8_s42_20260414_160016",
  "tau": null,
  "npts": 24,
  "n_grid_per_particle": 576,
  "dot_projection_config": {
    "basis": "localized_ho",
    "max_ho_shell": 2
  },
  "system": {
    "n_particles": 2,
    "dim": 2,
    "omega": 1.0,
    "n_wells": 2,
    "well_centers": [
      [
        -4.0,
        0.0
      ],
      [
        4.0,
        0.0
      ]
    ]
  },
  "entanglement": {
    "norm2_before_normalisation": 14.542682156427807,
    "norm_M_squared": 1.0000000000000058,
    "von_neumann_entropy": 0.46562589796607257,
    "purity": 0.8007080743149247,
    "linear_entropy": 0.19929192568507526,
    "n_schmidt_terms": 576,
    "effective_schmidt_rank": 2,
    "negativity": 1.370621891245983,
    "log_negativity": 1.9035179761355485,
    "schmidt_values_top10": [
      0.9437876810313532,
      0.29166688886781494,
      0.06570735665739072,
      0.06060569792565395,
      0.05983902427676471,
      0.05689452099349788,
      0.034269430738429814,
      0.03277164739440653,
      0.030568771783684646,
      0.0300646601707724
    ],
    "schmidt_probs_top10": [
      0.8907351868665394,
      0.08506957406183031,
      0.004317456718901548,
      0.0036730506210556155,
      0.0035807088263952367,
      0.003236986519079571,
      0.0011743938831360382,
      0.0010739808729433122,
      0.0009344498083629946,
      0.0009038837911840283
    ]
  },
  "dot_projected_entanglement": {
    "projection_basis": "masked_localized_ho",
    "projection_basis_config": {
      "projection_basis": "localized_ho",
      "max_ho_shell": 2
    },
    "projected_subspace_weight": 0.9777745676405236,
    "sector_probabilities": {
      "LL": 0.34814440237101046,
      "LR": 0.10600772483532571,
      "RL": 0.10600772425432624,
      "RR": 0.4398401485393433
    },
    "projected_sector_probabilities": {
      "LL": 0.345706407516768,
      "LR": 0.10841712418887209,
      "RL": 0.10841712394798818,
      "RR": 0.43745934434637174
    },
    "region_metadata": {
      "particle_1": {
        "basis_family": "masked_localized_ho",
        "max_ho_shell": 2,
        "n_basis_total": 12,
        "well_metadata": [
          {
            "well_index": 0,
            "well_center": [
              -4.0,
              0.0
            ],
            "raw_mode_labels": [
              [
                0,
                0
              ],
              [
                0,
                1
              ],
              [
                1,
                0
              ],
              [
                0,
                2
              ],
              [
                1,
                1
              ],
              [
                2,
                0
              ]
            ],
            "n_raw_modes": 6,
            "n_orthonormal_modes": 6,
            "region_measure": 90.0,
            "region_point_count": 288
          },
          {
            "well_index": 1,
            "well_center": [
              4.0,
              0.0
            ],
            "raw_mode_labels": [
              [
                0,
                0
              ],
              [
                0,
                1
              ],
              [
                1,
                0
              ],
              [
                0,
                2
              ],
              [
                1,
                1
              ],
              [
                2,
                0
              ]
            ],
            "n_raw_modes": 6,
            "n_orthonormal_modes": 6,
            "region_measure": 90.0,
            "region_point_count": 288
          }
        ]
      },
      "particle_2": {
        "basis_family": "masked_localized_ho",
        "max_ho_shell": 2,
        "n_basis_total": 12,
        "well_metadata": [
          {
            "well_index": 0,
            "well_center": [
              -4.0,
              0.0
            ],
            "raw_mode_labels": [
              [
                0,
                0
              ],
              [
                0,
                1
              ],
              [
                1,
                0
              ],
              [
                0,
                2
              ],
              [
                1,
                1
              ],
              [
                2,
                0
              ]
            ],
            "n_raw_modes": 6,
            "n_orthonormal_modes": 6,
            "region_measure": 90.0,
            "region_point_count": 288
          },
          {
            "well_index": 1,
            "well_center": [
              4.0,
              0.0
            ],
            "raw_mode_labels": [
              [
                0,
                0
              ],
              [
                0,
                1
              ],
              [
                1,
                0
              ],
              [
                0,
                2
              ],
              [
                1,
                1
              ],
              [
                2,
                0
              ]
            ],
            "n_raw_modes": 6,
            "n_orthonormal_modes": 6,
            "region_measure": 90.0,
            "region_point_count": 288
          }
        ]
      }
    },
    "basis_dimensions": {
      "particle_1": 12,
      "particle_2": 12
    },