{
  "source": "results/imag_time_pinn/quench_sep_fast_d8p00_to_d4p00_checkpoint.pt",
  "tau": 0.0,
  "npts": 24,
  "n_grid_per_particle": 576,
  "system": {
    "n_particles": 2,
    "dim": 2,
    "omega": 1.0,
    "n_wells": 2,
    "well_centers": [
      [
        -4.0,
        0.0
      ],
      [
        4.0,
        0.0
      ]
    ]
  },
  "entanglement": {
    "norm2_before_normalisation": 2826474977.6655097,
    "norm_M_squared": 1.0000000000000069,
    "von_neumann_entropy": 0.7130681711154429,
    "purity": 0.5486115438304915,
    "linear_entropy": 0.4513884561695085,
    "n_schmidt_terms": 576,
    "effective_schmidt_rank": 3,
    "negativity": 0.833930312626784,
    "log_negativity": 1.4156832990158594,
    "schmidt_values_top10": [
      0.8201460574303263,
      0.5565632314908632,
      0.12054777446577815,
      0.0416459959793308,
      0.023462562880046584,
      0.019425281878321904,
      0.014101577444854428,
      0.011635366095202791,
      0.005355027974648408,
      0.003913464755866926
    ],
    "schmidt_probs_top10": [
      0.6726395555185032,
      0.3097626306475499,
      0.014531765928652008,
      0.0017343889811104246,
      0.0005504918569001358,
      0.0003773415760522586,
      0.00019885448643322567,
      0.00013538174416939365,
      2.8676324609266822e-05,
      1.5315206395412464e-05
    ]
  }
}