{
  "source": "results/p4_n2_nonmcmc_residual_anneal_s42_20260414_150947",
  "tau": null,
  "npts": 12,
  "n_grid_per_particle": 144,
  "dot_projection_config": {
    "basis": "localized_ho",
    "max_ho_shell": 2
  },
  "system": {
    "n_particles": 2,
    "dim": 2,
    "omega": 1.0,
    "n_wells": 2,
    "well_centers": [
      [
        -2.0,
        0.0
      ],
      [
        2.0,
        0.0
      ]
    ]
  },
  "entanglement": {
    "norm2_before_normalisation": 27.44002875060051,
    "norm_M_squared": 1.000000000000006,
    "von_neumann_entropy": 0.2870457259403347,
    "purity": 0.9012937032885407,
    "linear_entropy": 0.09870629671145925,
    "n_schmidt_terms": 144,
    "effective_schmidt_rank": 3,
    "negativity": 0.7167562732129336,
    "log_negativity": 1.2830402127177996,
    "schmidt_values_top10": [
      0.974199391380631,
      0.12374018485818673,
      0.11971396632558953,
      0.09493518360715812,
      0.07786679830074161,
      0.04895910740709555,
      0.04579595012404408,
      0.039286406268281955,
      0.010050004851555184,
      0.004613619281921156
    ],
    "schmidt_probs_top10": [
      0.949064454166392,
      0.015311633348738226,
      0.014331433733404385,
      0.009012689086524825,
      0.006063238277608377,
      0.0023969941980995185,
      0.002097269047763933,
      0.0015434217174765037,
      0.00010100259751628273,
      2.1285482878514684e-05
    ]
  },
  "dot_projected_entanglement": {
    "projection_basis": "masked_localized_ho",
    "projection_basis_config": {
      "projection_basis": "localized_ho",
      "max_ho_shell": 2
    },
    "projected_subspace_weight": 0.9797327574419116,
    "sector_probabilities": {
      "LL": 0.23368954181203058,
      "LR": 0.2595007174633967,
      "RL": 0.25915621759380847,
      "RR": 0.24765352313077016
    },
    "projected_sector_probabilities": {
      "LL": 0.2283915317835134,
      "LR": 0.2648662412041497,
      "RL": 0.2645146324312437,
      "RR": 0.242227594581093
    },
    "region_metadata": {
      "particle_1": {
        "basis_family": "masked_localized_ho",
        "max_ho_shell": 2,
        "n_basis_total": 12,
        "well_metadata": [
          {
            "well_index": 0,
            "well_center": [
              -2.0,
              0.0
            ],
            "raw_mode_labels": [
              [
                0,
                0
              ],
              [
                0,
                1
              ],
              [
                1,
                0
              ],
              [
                0,
                2
              ],
              [
                1,
                1
              ],
              [
                2,
                0
              ]
            ],
            "n_raw_modes": 6,
            "n_orthonormal_modes": 6,
            "region_measure": 69.99999999999999,
            "region_point_count": 72
          },
          {
            "well_index": 1,
            "well_center": [
              2.0,
              0.0
            ],
            "raw_mode_labels": [
              [
                0,
                0
              ],
              [
                0,
                1
              ],
              [
                1,
                0
              ],
              [
                0,
                2
              ],
              [
                1,
                1
              ],
              [
                2,
                0
              ]
            ],
            "n_raw_modes": 6,
            "n_orthonormal_modes": 6,
            "region_measure": 69.99999999999999,
            "region_point_count": 72
          }
        ]
      },
      "particle_2": {
        "basis_family": "masked_localized_ho",
        "max_ho_shell": 2,
        "n_basis_total": 12,
        "well_metadata": [
          {
            "well_index": 0,
            "well_center": [
              -2.0,
              0.0
            ],
            "raw_mode_labels": [
              [
                0,
                0
              ],
              [
                0,
                1
              ],
              [
                1,
                0
              ],
              [
                0,
                2
              ],
              [
                1,
                1
              ],
              [
                2,
                0
              ]
            ],
            "n_raw_modes": 6,
            "n_orthonormal_modes": 6,
            "region_measure": 69.99999999999999,
            "region_point_count": 72
          },
          {
            "well_index": 1,
            "well_center": [
              2.0,
              0.0
            ],
            "raw_mode_labels": [
              [
                0,
                0
              ],
              [
                0,
                1
              ],
              [
                1,
                0
              ],
              [
                0,
                2
              ],
              [
                1,
                1
              ],
              [
                2,
                0
              ]
            ],
            "n_raw_modes": 6,
            "n_orthonormal_modes": 6,
            "region_measure": 69.99999999999999,
            "region_point_count": 72
          }
        ]
      }
    },
    "basis_dimensions": {
      "particle_1": 12,
      "particle_2": 12
    },