{
  "source": "results/p4_n2_nonmcmc_residual_anneal_d8_s42_20260414_160016",
  "tau": null,
  "npts": 12,
  "n_grid_per_particle": 144,
  "dot_projection_config": {
    "basis": "localized_ho",
    "max_ho_shell": 2
  },
  "system": {
    "n_particles": 2,
    "dim": 2,
    "omega": 1.0,
    "n_wells": 2,
    "well_centers": [
      [
        -4.0,
        0.0
      ],
      [
        4.0,
        0.0
      ]
    ]
  },
  "entanglement": {
    "norm2_before_normalisation": 9.5321905100843,
    "norm_M_squared": 1.000000000000001,
    "von_neumann_entropy": 0.4032638668675375,
    "purity": 0.8362719464310108,
    "linear_entropy": 0.16372805356898923,
    "n_schmidt_terms": 144,
    "effective_schmidt_rank": 4,
    "negativity": 0.8011699004450119,
    "log_negativity": 1.3798093544660348,
    "schmidt_values_top10": [
      0.9554931172969566,
      0.2138440509701852,
      0.1382123220835056,
      0.1315890446542239,
      0.04510938437263375,
      0.040057742992539065,
      0.02106080732731515,
      0.018141027875684102,
      0.01714350508643981,
      0.008370463443765562
    ],
    "schmidt_probs_top10": [
      0.9129670972018558,
      0.04572927813533916,
      0.019102645975714688,
      0.017315676673011336,
      0.002034856558478014,
      0.0016046227736563126,
      0.0004435576052782916,
      0.0003290968923863477,
      0.0002938997666487876,
      7.006465826341564e-05
    ]
  },
  "dot_projected_entanglement": {
    "projection_basis": "masked_localized_ho",
    "projection_basis_config": {
      "projection_basis": "localized_ho",
      "max_ho_shell": 2
    },
    "projected_subspace_weight": 0.9730100088176536,
    "sector_probabilities": {
      "LL": 0.3252991675350171,
      "LR": 0.13831408043495746,
      "RL": 0.13831408011112797,
      "RR": 0.39807267191889845
    },
    "projected_sector_probabilities": {
      "LL": 0.3213613814958199,
      "LR": 0.1421506530920364,
      "RL": 0.14215065288748427,
      "RR": 0.39433731252465953
    },
    "region_metadata": {
      "particle_1": {
        "basis_family": "masked_localized_ho",
        "max_ho_shell": 2,
        "n_basis_total": 12,
        "well_metadata": [
          {
            "well_index": 0,
            "well_center": [
              -4.0,
              0.0
            ],
            "raw_mode_labels": [
              [
                0,
                0
              ],
              [
                0,
                1
              ],
              [
                1,
                0
              ],
              [
                0,
                2
              ],
              [
                1,
                1
              ],
              [
                2,
                0
              ]
            ],
            "n_raw_modes": 6,
            "n_orthonormal_modes": 6,
            "region_measure": 89.99999999999999,
            "region_point_count": 72
          },
          {
            "well_index": 1,
            "well_center": [
              4.0,
              0.0
            ],
            "raw_mode_labels": [
              [
                0,
                0
              ],
              [
                0,
                1
              ],
              [
                1,
                0
              ],
              [
                0,
                2
              ],
              [
                1,
                1
              ],
              [
                2,
                0
              ]
            ],
            "n_raw_modes": 6,
            "n_orthonormal_modes": 6,
            "region_measure": 89.99999999999999,
            "region_point_count": 72
          }
        ]
      },
      "particle_2": {
        "basis_family": "masked_localized_ho",
        "max_ho_shell": 2,
        "n_basis_total": 12,
        "well_metadata": [
          {
            "well_index": 0,
            "well_center": [
              -4.0,
              0.0
            ],
            "raw_mode_labels": [
              [
                0,
                0
              ],
              [
                0,
                1
              ],
              [
                1,
                0
              ],
              [
                0,
                2
              ],
              [
                1,
                1
              ],
              [
                2,
                0
              ]
            ],
            "n_raw_modes": 6,
            "n_orthonormal_modes": 6,
            "region_measure": 89.99999999999999,
            "region_point_count": 72
          },
          {
            "well_index": 1,
            "well_center": [
              4.0,
              0.0
            ],
            "raw_mode_labels": [
              [
                0,
                0
              ],
              [
                0,
                1
              ],
              [
                1,
                0
              ],
              [
                0,
                2
              ],
              [
                1,
                1
              ],
              [
                2,
                0
              ]
            ],
            "n_raw_modes": 6,
            "n_orthonormal_modes": 6,
            "region_measure": 89.99999999999999,
            "region_point_count": 72
          }
        ]
      }
    },
    "basis_dimensions": {
      "particle_1": 12,
      "particle_2": 12
    },