{
  "source": "results/imag_time_pinn/quench_sep_fast_d8p00_to_d4p00_checkpoint.pt",
  "tau": 0.6,
  "npts": 28,
  "n_grid_per_particle": 784,
  "dot_projection_config": {
    "basis": "localized_ho",
    "max_ho_shell": 2
  },
  "system": {
    "n_particles": 2,
    "dim": 2,
    "omega": 1.0,
    "n_wells": 2,
    "well_centers": [
      [
        -4.0,
        0.0
      ],
      [
        4.0,
        0.0
      ]
    ]
  },
  "entanglement": {
    "norm2_before_normalisation": 86376.47064811687,
    "norm_M_squared": 1.0000000000000047,
    "von_neumann_entropy": 0.37794459416525406,
    "purity": 0.8375511333118031,
    "linear_entropy": 0.1624488666881969,
    "n_schmidt_terms": 784,
    "effective_schmidt_rank": 3,
    "negativity": 0.8264297518277424,
    "log_negativity": 1.4075482719681331,
    "schmidt_values_top10": [
      0.9554064313088664,
      0.25410220519248305,
      0.10345688274489517,
      0.08676234274572435,
      0.04264225431605285,
      0.02668003772530444,
      0.023798214009080304,
      0.018429234989752165,
      0.017556483813232444,
      0.012314784802643256
    ],
    "schmidt_probs_top10": [
      0.9128014489863436,
      0.06456793068368276,
      0.01070332658729099,
      0.0075277041187265465,
      0.0018183618531549277,
      0.0007118244130236682,
      0.0005663549900219861,
      0.0003396367023075055,
      0.00030823012388429285,
      0.0001516539247354133
    ]
  },
  "dot_projected_entanglement": {
    "projection_basis": "masked_localized_ho",
    "projection_basis_config": {
      "projection_basis": "localized_ho",
      "max_ho_shell": 2
    },
    "projected_subspace_weight": 0.9213590067889939,
    "sector_probabilities": {
      "LL": 3.537111000984515e-05,
      "LR": 5.120391579266387e-06,
      "RL": 0.04899827693816657,
      "RR": 0.950961231560249
    },
    "projected_sector_probabilities": {
      "LL": 3.283528460156095e-05,
      "LR": 5.369528976107517e-06,
      "RL": 0.04902842836473633,
      "RR": 0.9509333668216859
    },
    "region_metadata": {
      "particle_1": {
        "basis_family": "masked_localized_ho",
        "max_ho_shell": 2,
        "n_basis_total": 12,
        "well_metadata": [
          {
            "well_index": 0,
            "well_center": [
              -4.0,
              0.0
            ],
            "raw_mode_labels": [
              [
                0,
                0
              ],
              [
                0,
                1
              ],
              [
                1,
                0
              ],
              [
                0,
                2
              ],
              [
                1,
                1
              ],
              [
                2,
                0
              ]
            ],
            "n_raw_modes": 6,
            "n_orthonormal_modes": 6,
            "region_measure": 90.00000000000001,
            "region_point_count": 392
          },
          {
            "well_index": 1,
            "well_center": [
              4.0,
              0.0
            ],
            "raw_mode_labels": [
              [
                0,
                0
              ],
              [
                0,
                1
              ],
              [
                1,
                0
              ],
              [
                0,
                2
              ],
              [
                1,
                1
              ],
              [
                2,
                0
              ]
            ],
            "n_raw_modes": 6,
            "n_orthonormal_modes": 6,
            "region_measure": 90.00000000000001,
            "region_point_count": 392
          }
        ]
      },
      "particle_2": {
        "basis_family": "masked_localized_ho",
        "max_ho_shell": 2,
        "n_basis_total": 12,
        "well_metadata": [
          {
            "well_index": 0,
            "well_center": [
              -4.0,
              0.0
            ],
            "raw_mode_labels": [
              [
                0,
                0
              ],
              [
                0,
                1
              ],
              [
                1,
                0
              ],
              [
                0,
                2
              ],
              [
                1,
                1
              ],
              [
                2,
                0
              ]
            ],
            "n_raw_modes": 6,
            "n_orthonormal_modes": 6,
            "region_measure": 90.00000000000001,
            "region_point_count": 392
          },
          {
            "well_index": 1,
            "well_center": [
              4.0,
              0.0
            ],
            "raw_mode_labels": [
              [
                0,
                0
              ],
              [
                0,
                1
              ],
              [
                1,
                0
              ],
              [
                0,
                2
              ],
              [
                1,
                1
              ],
              [
                2,
                0
              ]
            ],
            "n_raw_modes": 6,
            "n_orthonormal_modes": 6,
            "region_measure": 90.00000000000001,
            "region_point_count": 392
          }
        ]
      }
    },
    "basis_dimensions": {
      "particle_1": 12,
      "particle_2": 12
    },