{
  "source": "results/imag_time_pinn/quench_sep_fast_d8p00_to_d4p00_checkpoint.pt",
  "tau": 1.0,
  "npts": 16,
  "n_grid_per_particle": 256,
  "system": {
    "n_particles": 2,
    "dim": 2,
    "omega": 1.0,
    "n_wells": 2,
    "well_centers": [
      [
        -4.0,
        0.0
      ],
      [
        4.0,
        0.0
      ]
    ]
  },
  "entanglement": {
    "norm2_before_normalisation": 12271.017376790107,
    "norm_M_squared": 1.0000000000000047,
    "von_neumann_entropy": 0.3949544855573193,
    "purity": 0.8229740685514745,
    "linear_entropy": 0.17702593144852552,
    "n_schmidt_terms": 256,
    "effective_schmidt_rank": 3,
    "negativity": 0.726703217110421,
    "log_negativity": 1.2947862522663158,
    "schmidt_values_top10": [
      0.950817478240586,
      0.2720913705836921,
      0.10838133583565829,
      0.07463058930046367,
      0.05647279024915315,
      0.023742733980238986,
      0.017151157434984132,
      0.016011399209228606,
      0.010944975596747505,
      0.008569537594490917
    ],
    "schmidt_probs_top10": [
      0.9040538769277835,
      0.07403371394611175,
      0.011746513957521697,
      0.0055697248593344585,
      0.0031891760385248337,
      0.0005637174168563926,
      0.00029416220135961024,
      0.00025636490463728536,
      0.0001197924908133979,
      7.343697458339286e-05
    ]
  }
}