{
  "source": "results/imag_time_pinn/quench_sep_fast_d8p00_to_d4p00_checkpoint.pt",
  "tau": 0.1,
  "npts": 24,
  "n_grid_per_particle": 576,
  "dot_projection_config": {
    "basis": "localized_ho",
    "max_ho_shell": 2
  },
  "system": {
    "n_particles": 2,
    "dim": 2,
    "omega": 1.0,
    "n_wells": 2,
    "well_centers": [
      [
        -4.0,
        0.0
      ],
      [
        4.0,
        0.0
      ]
    ]
  },
  "entanglement": {
    "norm2_before_normalisation": 64575537.23021342,
    "norm_M_squared": 1.0000000000000027,
    "von_neumann_entropy": 0.7175573494023022,
    "purity": 0.5564950343210219,
    "linear_entropy": 0.4435049656789781,
    "n_schmidt_terms": 576,
    "effective_schmidt_rank": 3,
    "negativity": 0.9133853255604685,
    "log_negativity": 1.4991548354460529,
    "schmidt_values_top10": [
      0.8278052237493736,
      0.5426021774020304,
      0.12171597059136995,
      0.054448104039529946,
      0.03488563838794934,
      0.024173561830114668,
      0.019405648282304806,
      0.014963410858606092,
      0.006502924688703335,
      0.0052538721682808065
    ],
    "schmidt_probs_top10": [
      0.6852614884667505,
      0.2944171229214245,
      0.014814777496999233,
      0.0029645960334994774,
      0.0012170077657347649,
      0.0005843610915543767,
      0.0003765791852565195,
      0.0002239036645234507,
      4.228802950694737e-05,
      2.7603172760635665e-05
    ]
  },
  "dot_projected_entanglement": {
    "projection_basis": "masked_localized_ho",
    "projection_basis_config": {
      "projection_basis": "localized_ho",
      "max_ho_shell": 2
    },
    "projected_subspace_weight": 0.6904416814145692,
    "sector_probabilities": {
      "LL": 7.850980913772945e-08,
      "LR": 2.5396526684541125e-08,
      "RL": 0.9367627046869718,
      "RR": 0.06323719140669523
    },
    "projected_sector_probabilities": {
      "LL": 7.497934528386159e-08,
      "LR": 3.670045813658742e-08,
      "RL": 0.9431996192785121,
      "RR": 0.05680026904168426
    },
    "region_metadata": {
      "particle_1": {
        "basis_family": "masked_localized_ho",
        "max_ho_shell": 2,
        "n_basis_total": 12,
        "well_metadata": [
          {
            "well_index": 0,
            "well_center": [
              -4.0,
              0.0
            ],
            "raw_mode_labels": [
              [
                0,
                0
              ],
              [
                0,
                1
              ],
              [
                1,
                0
              ],
              [
                0,
                2
              ],
              [
                1,
                1
              ],
              [
                2,
                0
              ]
            ],
            "n_raw_modes": 6,
            "n_orthonormal_modes": 6,
            "region_measure": 90.0,
            "region_point_count": 288
          },
          {
            "well_index": 1,
            "well_center": [
              4.0,
              0.0
            ],
            "raw_mode_labels": [
              [
                0,
                0
              ],
              [
                0,
                1
              ],
              [
                1,
                0
              ],
              [
                0,
                2
              ],
              [
                1,
                1
              ],
              [
                2,
                0
              ]
            ],
            "n_raw_modes": 6,
            "n_orthonormal_modes": 6,
            "region_measure": 90.0,
            "region_point_count": 288
          }
        ]
      },
      "particle_2": {
        "basis_family": "masked_localized_ho",
        "max_ho_shell": 2,
        "n_basis_total": 12,
        "well_metadata": [
          {
            "well_index": 0,
            "well_center": [
              -4.0,
              0.0
            ],
            "raw_mode_labels": [
              [
                0,
                0
              ],
              [
                0,
                1
              ],
              [
                1,
                0
              ],
              [
                0,
                2
              ],
              [
                1,
                1
              ],
              [
                2,
                0
              ]
            ],
            "n_raw_modes": 6,
            "n_orthonormal_modes": 6,
            "region_measure": 90.0,
            "region_point_count": 288
          },
          {
            "well_index": 1,
            "well_center": [
              4.0,
              0.0
            ],
            "raw_mode_labels": [
              [
                0,
                0
              ],
              [
                0,
                1
              ],
              [
                1,
                0
              ],
              [
                0,
                2
              ],
              [
                1,
                1
              ],
              [
                2,
                0
              ]
            ],
            "n_raw_modes": 6,
            "n_orthonormal_modes": 6,
            "region_measure": 90.0,
            "region_point_count": 288
          }
        ]
      }
    },
    "basis_dimensions": {
      "particle_1": 12,
      "particle_2": 12
    },