{
  "source": "results/imag_time_pinn/quench_sep_fast_d8p00_to_d4p00_checkpoint.pt",
  "tau": 0.3,
  "npts": 16,
  "n_grid_per_particle": 256,
  "system": {
    "n_particles": 2,
    "dim": 2,
    "omega": 1.0,
    "n_wells": 2,
    "well_centers": [
      [
        -4.0,
        0.0
      ],
      [
        4.0,
        0.0
      ]
    ]
  },
  "entanglement": {
    "norm2_before_normalisation": 944488.3843195385,
    "norm_M_squared": 1.0000000000000058,
    "von_neumann_entropy": 0.5587943505328727,
    "purity": 0.7100931791680574,
    "linear_entropy": 0.28990682083194264,
    "n_schmidt_terms": 256,
    "effective_schmidt_rank": 3,
    "negativity": 0.8918236085916319,
    "log_negativity": 1.4769763842218413,
    "schmidt_values_top10": [
      0.9108770309323074,
      0.383064733353251,
      0.09989425676059248,
      0.08345801170731008,
      0.05804031376640541,
      0.04424239062194796,
      0.027333269597249438,
      0.014522381436951757,
      0.012626197014438805,
      0.009673584071176236
    ],
    "schmidt_probs_top10": [
      0.8296969654800508,
      0.14673858993899638,
      0.009978862533751118,
      0.006965239718137465,
      0.003368678022102769,
      0.001957389127945017,
      0.000747107626875916,
      0.0002108995626003197,
      0.00015942085104742244,
      9.357822878211404e-05
    ]
  }
}