{
  "source": "results/imag_time_pinn/quench_sep_fast_d8p00_to_d4p00_checkpoint.pt",
  "tau": 0.1,
  "npts": 16,
  "n_grid_per_particle": 256,
  "system": {
    "n_particles": 2,
    "dim": 2,
    "omega": 1.0,
    "n_wells": 2,
    "well_centers": [
      [
        -4.0,
        0.0
      ],
      [
        4.0,
        0.0
      ]
    ]
  },
  "entanglement": {
    "norm2_before_normalisation": 62165718.9774506,
    "norm_M_squared": 1.000000000000001,
    "von_neumann_entropy": 0.7209022161456243,
    "purity": 0.5552781801862813,
    "linear_entropy": 0.4447218198137187,
    "n_schmidt_terms": 256,
    "effective_schmidt_rank": 3,
    "negativity": 0.902516231221146,
    "log_negativity": 1.4880174671383495,
    "schmidt_values_top10": [
      0.8271272057388994,
      0.5430873279733731,
      0.12286100670850296,
      0.05492864690601947,
      0.03679915348638872,
      0.028025275002148853,
      0.01812913979512048,
      0.01500505697276629,
      0.006699620594937105,
      0.005023353012776337
    ],
    "schmidt_probs_top10": [
      0.6841394144734392,
      0.2949438458052579,
      0.015094826969426798,
      0.0030171562509261605,
      0.0013541776973147945,
      0.0007854160389460689,
      0.00032866570971102076,
      0.00022515173475596211,
      4.488491611610538e-05,
      2.5234075490969083e-05
    ]
  }
}