{
  "source": "results/imag_time_pinn/quench_sep_fast_d8p00_to_d4p00_checkpoint.pt",
  "tau": 1.5,
  "npts": 28,
  "n_grid_per_particle": 784,
  "dot_projection_config": {
    "basis": "localized_ho",
    "max_ho_shell": 2
  },
  "system": {
    "n_particles": 2,
    "dim": 2,
    "omega": 1.0,
    "n_wells": 2,
    "well_centers": [
      [
        -4.0,
        0.0
      ],
      [
        4.0,
        0.0
      ]
    ]
  },
  "entanglement": {
    "norm2_before_normalisation": 2324.7019086470937,
    "norm_M_squared": 1.0000000000000029,
    "von_neumann_entropy": 0.33555869060026733,
    "purity": 0.8658675368247549,
    "linear_entropy": 0.13413246317524508,
    "n_schmidt_terms": 784,
    "effective_schmidt_rank": 2,
    "negativity": 0.8548002059706725,
    "log_negativity": 1.4380801112780743,
    "schmidt_values_top10": [
      0.9639199315675121,
      0.22224446794048272,
      0.08880719990227602,
      0.08592579548779015,
      0.04192907085015899,
      0.03971044434804635,
      0.031040249192933887,
      0.0225409400444795,
      0.017556682320721727,
      0.01668716020436867
    ],
    "schmidt_probs_top10": [
      0.9291416344731173,
      0.04939260353014825,
      0.007886718754482814,
      0.007383242330209539,
      0.0017580469823576523,
      0.0015769193903192866,
      0.0009634970699594328,
      0.0005080939780888194,
      0.00030823709411074285,
      0.00027846131568626546
    ]
  },
  "dot_projected_entanglement": {
    "projection_basis": "masked_localized_ho",
    "projection_basis_config": {
      "projection_basis": "localized_ho",
      "max_ho_shell": 2
    },
    "projected_subspace_weight": 0.9525729927921543,
    "sector_probabilities": {
      "LL": 0.0010808799151800685,
      "LR": 3.4060051977577145e-05,
      "RL": 0.07058265670572246,
      "RR": 0.9283024033271229
    },
    "projected_sector_probabilities": {
      "LL": 0.0010378009968980636,
      "LR": 3.305708260673563e-05,
      "RL": 0.07036318825754095,
      "RR": 0.9285659536629542
    },
    "region_metadata": {
      "particle_1": {
        "basis_family": "masked_localized_ho",
        "max_ho_shell": 2,
        "n_basis_total": 12,
        "well_metadata": [
          {
            "well_index": 0,
            "well_center": [
              -4.0,
              0.0
            ],
            "raw_mode_labels": [
              [
                0,
                0
              ],
              [
                0,
                1
              ],
              [
                1,
                0
              ],
              [
                0,
                2
              ],
              [
                1,
                1
              ],
              [
                2,
                0
              ]
            ],
            "n_raw_modes": 6,
            "n_orthonormal_modes": 6,
            "region_measure": 90.00000000000001,
            "region_point_count": 392
          },
          {
            "well_index": 1,
            "well_center": [
              4.0,
              0.0
            ],
            "raw_mode_labels": [
              [
                0,
                0
              ],
              [
                0,
                1
              ],
              [
                1,
                0
              ],
              [
                0,
                2
              ],
              [
                1,
                1
              ],
              [
                2,
                0
              ]
            ],
            "n_raw_modes": 6,
            "n_orthonormal_modes": 6,
            "region_measure": 90.00000000000001,
            "region_point_count": 392
          }
        ]
      },
      "particle_2": {
        "basis_family": "masked_localized_ho",
        "max_ho_shell": 2,
        "n_basis_total": 12,
        "well_metadata": [
          {
            "well_index": 0,
            "well_center": [
              -4.0,
              0.0
            ],
            "raw_mode_labels": [
              [
                0,
                0
              ],
              [
                0,
                1
              ],
              [
                1,
                0
              ],
              [
                0,
                2
              ],
              [
                1,
                1
              ],
              [
                2,
                0
              ]
            ],
            "n_raw_modes": 6,
            "n_orthonormal_modes": 6,
            "region_measure": 90.00000000000001,
            "region_point_count": 392
          },
          {
            "well_index": 1,
            "well_center": [
              4.0,
              0.0
            ],
            "raw_mode_labels": [
              [
                0,
                0
              ],
              [
                0,
                1
              ],
              [
                1,
                0
              ],
              [
                0,
                2
              ],
              [
                1,
                1
              ],
              [
                2,
                0
              ]
            ],
            "n_raw_modes": 6,
            "n_orthonormal_modes": 6,
            "region_measure": 90.00000000000001,
            "region_point_count": 392
          }
        ]
      }
    },
    "basis_dimensions": {
      "particle_1": 12,
      "particle_2": 12
    },