{
  "result_dir": "results/arch_n2_pinn_s301_20260406_094925",
  "npts": 30,
  "n_grid_per_particle": 900,
  "system": {
    "n_particles": 2,
    "dim": 2,
    "omega": 1.0,
    "n_wells": 2,
    "well_centers": [
      [
        -2.0,
        0.0
      ],
      [
        2.0,
        0.0
      ]
    ]
  },
  "entanglement": {
    "norm2_before_normalisation": 6.813592174015916,
    "norm_M_squared": 1.0000000000000058,
    "von_neumann_entropy": 0.6669129776361742,
    "purity": 0.5287454286437389,
    "linear_entropy": 0.47125457135626114,
    "n_schmidt_terms": 900,
    "effective_schmidt_rank": 2,
    "negativity": 0.6067742680259409,
    "log_negativity": 1.1463610074785442,
    "schmidt_values_top10": [
      0.7876087502589262,
      0.6159489772403871,
      0.008723045899843778,
      0.007405562788345268,
      0.0057332102713103395,
      0.004096643415240559,
      0.0038613703195736473,
      0.0032023500927835106,
      0.0031778931620838964,
      0.0026843999997931975
    ],
    "schmidt_probs_top10": [
      0.620327543484424,
      0.3793931425634767,
      7.609152977078091e-05,
      5.4842360212123815e-05,
      3.286970001505819e-05,
      1.678248727163373e-05,
      1.4910180744884205e-05,
      1.02550461167505e-05,
      1.0099004949619529e-05,
      7.2060033588896775e-06
    ]
  }
}