{
  "source": "results/p4_n2_nonmcmc_residual_anneal_d2_s42_20260414_160054",
  "tau": null,
  "npts": 24,
  "n_grid_per_particle": 576,
  "system": {
    "n_particles": 2,
    "dim": 2,
    "omega": 1.0,
    "n_wells": 2,
    "well_centers": [
      [
        -1.0,
        0.0
      ],
      [
        1.0,
        0.0
      ]
    ]
  },
  "entanglement": {
    "norm2_before_normalisation": 70.53786826329414,
    "norm_M_squared": 1.000000000000005,
    "von_neumann_entropy": 0.329689333113272,
    "purity": 0.868208653984944,
    "linear_entropy": 0.13179134601505604,
    "n_schmidt_terms": 576,
    "effective_schmidt_rank": 2,
    "negativity": 0.8711023117963719,
    "log_negativity": 1.4553362291871412,
    "schmidt_values_top10": [
      0.9645805885154609,
      0.22185124695427577,
      0.09001519463621006,
      0.08039443510282768,
      0.039515841284325746,
      0.03578863425334284,
      0.03051326264129821,
      0.019887870872361043,
      0.01969626815547039,
      0.015463376512964887
    ],
    "schmidt_probs_top10": [
      0.9304157117408288,
      0.04921797577516684,
      0.008102735265394744,
      0.006463265195502743,
      0.0015615017124080161,
      0.0012808263417195388,
      0.0009310591970168408,
      0.00039552740783570505,
      0.0003879429792521952,
      0.00023911601318171304
    ]
  }
}