{
  "result_dir": "results/arch_n2_pinn_s301_20260406_094925",
  "npts": 20,
  "n_grid_per_particle": 800,
  "system": {
    "n_particles": 2,
    "dim": 2,
    "omega": 1.0,
    "n_wells": 2,
    "well_centers": [
      [
        -2.0,
        0.0
      ],
      [
        2.0,
        0.0
      ]
    ]
  },
  "entanglement": {
    "norm2_before_normalisation": 27.256199577579398,
    "norm_M_squared": 1.000000000000003,
    "von_neumann_entropy": 0.6666541945887652,
    "purity": 0.5288372080376869,
    "linear_entropy": 0.47116279196231314,
    "n_schmidt_terms": 800,
    "effective_schmidt_rank": 2,
    "negativity": 0.6074858697953044,
    "log_negativity": 1.1472882918220195,
    "schmidt_values_top10": [
      0.7877129498027595,
      0.6158292331981666,
      0.008555594963523162,
      0.00738630067592604,
      0.005802295702726193,
      0.0038631432446735677,
      0.0038142388764459737,
      0.0033379956289874796,
      0.002804514187512052,
      0.002314165847100795
    ],
    "schmidt_probs_top10": [
      0.6204916912869629,
      0.37924564446144077,
      7.319820517986268e-05,
      5.455743767518532e-05,
      3.366663542187475e-05,
      1.4923875728866978e-05,
      1.4548418206591802e-05,
      1.1142214819139488e-05,
      7.865299827956364e-06,
      5.3553635678877245e-06
    ]
  }
}