{
  "source": "results/imag_time_pinn/quench_sep_fast_d8p00_to_d4p00_checkpoint.pt",
  "tau": 0.0,
  "npts": 24,
  "n_grid_per_particle": 576,
  "dot_projection_config": {
    "basis": "localized_ho",
    "max_ho_shell": 2
  },
  "system": {
    "n_particles": 2,
    "dim": 2,
    "omega": 1.0,
    "n_wells": 2,
    "well_centers": [
      [
        -4.0,
        0.0
      ],
      [
        4.0,
        0.0
      ]
    ]
  },
  "entanglement": {
    "norm2_before_normalisation": 2826474977.6655097,
    "norm_M_squared": 1.0000000000000069,
    "von_neumann_entropy": 0.7130681711153319,
    "purity": 0.5486115438304909,
    "linear_entropy": 0.45138845616950907,
    "n_schmidt_terms": 576,
    "effective_schmidt_rank": 3,
    "negativity": 0.8339303126267681,
    "log_negativity": 1.4156832990158421,
    "schmidt_values_top10": [
      0.820146057430323,
      0.5565632314908615,
      0.12054777446577764,
      0.04164599597933072,
      0.02346256288004651,
      0.01942528187832184,
      0.014101577444854376,
      0.011635366095202753,
      0.005355027974648387,
      0.003913464755866909
    ],
    "schmidt_probs_top10": [
      0.6726395555185026,
      0.3097626306475503,
      0.01453176592865199,
      0.0017343889811104304,
      0.0005504918569001364,
      0.0003773415760522589,
      0.00019885448643322567,
      0.00013538174416939376,
      2.867632460926681e-05,
      1.5315206395412447e-05
    ]
  },
  "dot_projected_entanglement": {
    "projection_basis": "masked_localized_ho",
    "projection_basis_config": {
      "projection_basis": "localized_ho",
      "max_ho_shell": 2
    },
    "projected_subspace_weight": 0.5497557568337686,
    "sector_probabilities": {
      "LL": 2.4883429630076817e-09,
      "LR": 1.0815319736848179e-09,
      "RL": 0.9948016854278354,
      "RR": 0.005198311002296599
    },
    "projected_sector_probabilities": {
      "LL": 2.52966328432646e-09,
      "LR": 1.965284927406781e-09,
      "RL": 0.995613763602018,
      "RR": 0.0043862319030339506
    },
    "region_metadata": {
      "particle_1": {
        "basis_family": "masked_localized_ho",
        "max_ho_shell": 2,
        "n_basis_total": 12,
        "well_metadata": [
          {
            "well_index": 0,
            "well_center": [
              -4.0,
              0.0
            ],
            "raw_mode_labels": [
              [
                0,
                0
              ],
              [
                0,
                1
              ],
              [
                1,
                0
              ],
              [
                0,
                2
              ],
              [
                1,
                1
              ],
              [
                2,
                0
              ]
            ],
            "n_raw_modes": 6,
            "n_orthonormal_modes": 6,
            "region_measure": 90.0,
            "region_point_count": 288
          },
          {
            "well_index": 1,
            "well_center": [
              4.0,
              0.0
            ],
            "raw_mode_labels": [
              [
                0,
                0
              ],
              [
                0,
                1
              ],
              [
                1,
                0
              ],
              [
                0,
                2
              ],
              [
                1,
                1
              ],
              [
                2,
                0
              ]
            ],
            "n_raw_modes": 6,
            "n_orthonormal_modes": 6,
            "region_measure": 90.0,
            "region_point_count": 288
          }
        ]
      },
      "particle_2": {
        "basis_family": "masked_localized_ho",
        "max_ho_shell": 2,
        "n_basis_total": 12,
        "well_metadata": [
          {
            "well_index": 0,
            "well_center": [
              -4.0,
              0.0
            ],
            "raw_mode_labels": [
              [
                0,
                0
              ],
              [
                0,
                1
              ],
              [
                1,
                0
              ],
              [
                0,
                2
              ],
              [
                1,
                1
              ],
              [
                2,
                0
              ]
            ],
            "n_raw_modes": 6,
            "n_orthonormal_modes": 6,
            "region_measure": 90.0,
            "region_point_count": 288
          },
          {
            "well_index": 1,
            "well_center": [
              4.0,
              0.0
            ],
            "raw_mode_labels": [
              [
                0,
                0
              ],
              [
                0,
                1
              ],
              [
                1,
                0
              ],
              [
                0,
                2
              ],
              [
                1,
                1
              ],
              [
                2,
                0
              ]
            ],
            "n_raw_modes": 6,
            "n_orthonormal_modes": 6,
            "region_measure": 90.0,
            "region_point_count": 288
          }
        ]
      }
    },
    "basis_dimensions": {
      "particle_1": 12,
      "particle_2": 12
    },