{
  "source": "results/imag_time_pinn/quench_sep_fast_d8p00_to_d4p00_checkpoint.pt",
  "tau": 0.0,
  "npts": 28,
  "n_grid_per_particle": 784,
  "dot_projection_config": {
    "basis": "localized_ho",
    "max_ho_shell": 2
  },
  "system": {
    "n_particles": 2,
    "dim": 2,
    "omega": 1.0,
    "n_wells": 2,
    "well_centers": [
      [
        -4.0,
        0.0
      ],
      [
        4.0,
        0.0
      ]
    ]
  },
  "entanglement": {
    "norm2_before_normalisation": 2825600961.0336967,
    "norm_M_squared": 1.0000000000000069,
    "von_neumann_entropy": 0.7130825319461003,
    "purity": 0.5485984642922828,
    "linear_entropy": 0.45140153570771724,
    "n_schmidt_terms": 784,
    "effective_schmidt_rank": 3,
    "negativity": 0.8347169725315622,
    "log_negativity": 1.4165338500667035,
    "schmidt_values_top10": [
      0.8201358906847849,
      0.5565767415722334,
      0.12055176882254862,
      0.04168405736689513,
      0.023442257174435023,
      0.019408621208581497,
      0.014124592420375394,
      0.011606243578728791,
      0.005228596640785642,
      0.00393796339654491
    ],
    "schmidt_probs_top10": [
      0.6726228791893254,
      0.3097776692591646,
      0.014532728966245205,
      0.001737560638566604,
      0.0005495394214323503,
      0.00037669457721819946,
      0.00019950411104172603,
      0.00013470489000878328,
      2.73382228320349e-05,
      1.550755571252752e-05
    ]
  },
  "dot_projected_entanglement": {
    "projection_basis": "masked_localized_ho",
    "projection_basis_config": {
      "projection_basis": "localized_ho",
      "max_ho_shell": 2
    },
    "projected_subspace_weight": 0.5498628004375673,
    "sector_probabilities": {
      "LL": 2.4933998483974476e-09,
      "LR": 1.0820932057306363e-09,
      "RL": 0.9948126123667163,
      "RR": 0.005187384057797383
    },
    "projected_sector_probabilities": {
      "LL": 2.534373492084915e-09,
      "LR": 1.9658332040310813e-09,
      "RL": 0.9956205411027145,
      "RR": 0.004379454397078965
    },
    "region_metadata": {
      "particle_1": {
        "basis_family": "masked_localized_ho",
        "max_ho_shell": 2,
        "n_basis_total": 12,
        "well_metadata": [
          {
            "well_index": 0,
            "well_center": [
              -4.0,
              0.0
            ],
            "raw_mode_labels": [
              [
                0,
                0
              ],
              [
                0,
                1
              ],
              [
                1,
                0
              ],
              [
                0,
                2
              ],
              [
                1,
                1
              ],
              [
                2,
                0
              ]
            ],
            "n_raw_modes": 6,
            "n_orthonormal_modes": 6,
            "region_measure": 90.00000000000001,
            "region_point_count": 392
          },
          {
            "well_index": 1,
            "well_center": [
              4.0,
              0.0
            ],
            "raw_mode_labels": [
              [
                0,
                0
              ],
              [
                0,
                1
              ],
              [
                1,
                0
              ],
              [
                0,
                2
              ],
              [
                1,
                1
              ],
              [
                2,
                0
              ]
            ],
            "n_raw_modes": 6,
            "n_orthonormal_modes": 6,
            "region_measure": 90.00000000000001,
            "region_point_count": 392
          }
        ]
      },
      "particle_2": {
        "basis_family": "masked_localized_ho",
        "max_ho_shell": 2,
        "n_basis_total": 12,
        "well_metadata": [
          {
            "well_index": 0,
            "well_center": [
              -4.0,
              0.0
            ],
            "raw_mode_labels": [
              [
                0,
                0
              ],
              [
                0,
                1
              ],
              [
                1,
                0
              ],
              [
                0,
                2
              ],
              [
                1,
                1
              ],
              [
                2,
                0
              ]
            ],
            "n_raw_modes": 6,
            "n_orthonormal_modes": 6,
            "region_measure": 90.00000000000001,
            "region_point_count": 392
          },
          {
            "well_index": 1,
            "well_center": [
              4.0,
              0.0
            ],
            "raw_mode_labels": [
              [
                0,
                0
              ],
              [
                0,
                1
              ],
              [
                1,
                0
              ],
              [
                0,
                2
              ],
              [
                1,
                1
              ],
              [
                2,
                0
              ]
            ],
            "n_raw_modes": 6,
            "n_orthonormal_modes": 6,
            "region_measure": 90.00000000000001,
            "region_point_count": 392
          }
        ]
      }
    },
    "basis_dimensions": {
      "particle_1": 12,
      "particle_2": 12
    },