{
  "source": "results/p4_n2_nonmcmc_residual_anneal_s42_20260414_150947",
  "tau": null,
  "npts": 20,
  "n_grid_per_particle": 400,
  "dot_projection_config": {
    "basis": "localized_ho",
    "max_ho_shell": 2
  },
  "system": {
    "n_particles": 2,
    "dim": 2,
    "omega": 1.0,
    "n_wells": 2,
    "well_centers": [
      [
        -2.0,
        0.0
      ],
      [
        2.0,
        0.0
      ]
    ]
  },
  "entanglement": {
    "norm2_before_normalisation": 31.78536730247273,
    "norm_M_squared": 1.000000000000004,
    "von_neumann_entropy": 0.18019549167195117,
    "purity": 0.9486871354433583,
    "linear_entropy": 0.051312864556641746,
    "n_schmidt_terms": 400,
    "effective_schmidt_rank": 1,
    "negativity": 0.7900334724009985,
    "log_negativity": 1.3674084996333566,
    "schmidt_values_top10": [
      0.9868932506887039,
      0.07655325086097357,
      0.07264026674844754,
      0.056435637466850715,
      0.05366348030095753,
      0.045123204634694505,
      0.04156220347786409,
      0.041171141369521186,
      0.033524905160803344,
      0.018027551805120407
    ],
    "schmidt_probs_top10": [
      0.973958288254917,
      0.005860400217383151,
      0.005276608353285613,
      0.0031849811762898043,
      0.002879769118011257,
      0.0020361035965045155,
      0.0017274167579353777,
      0.0016950628816690988,
      0.0011239192660408587,
      0.0003249926240863001
    ]
  },
  "dot_projected_entanglement": {
    "projection_basis": "masked_localized_ho",
    "projection_basis_config": {
      "projection_basis": "localized_ho",
      "max_ho_shell": 2
    },
    "projected_subspace_weight": 0.980033531982109,
    "sector_probabilities": {
      "LL": 0.24258368421810347,
      "LR": 0.25093684489019613,
      "RL": 0.2505335108798448,
      "RR": 0.25594596001185943
    },
    "projected_sector_probabilities": {
      "LL": 0.23773995821883906,
      "LR": 0.25594041319654925,
      "RL": 0.25552550199275403,
      "RR": 0.25079412659185796
    },
    "region_metadata": {
      "particle_1": {
        "basis_family": "masked_localized_ho",
        "max_ho_shell": 2,
        "n_basis_total": 12,
        "well_metadata": [
          {
            "well_index": 0,
            "well_center": [
              -2.0,
              0.0
            ],
            "raw_mode_labels": [
              [
                0,
                0
              ],
              [
                0,
                1
              ],
              [
                1,
                0
              ],
              [
                0,
                2
              ],
              [
                1,
                1
              ],
              [
                2,
                0
              ]
            ],
            "n_raw_modes": 6,
            "n_orthonormal_modes": 6,
            "region_measure": 70.0,
            "region_point_count": 200
          },
          {
            "well_index": 1,
            "well_center": [
              2.0,
              0.0
            ],
            "raw_mode_labels": [
              [
                0,
                0
              ],
              [
                0,
                1
              ],
              [
                1,
                0
              ],
              [
                0,
                2
              ],
              [
                1,
                1
              ],
              [
                2,
                0
              ]
            ],
            "n_raw_modes": 6,
            "n_orthonormal_modes": 6,
            "region_measure": 69.99999999999999,
            "region_point_count": 200
          }
        ]
      },
      "particle_2": {
        "basis_family": "masked_localized_ho",
        "max_ho_shell": 2,
        "n_basis_total": 12,
        "well_metadata": [
          {
            "well_index": 0,
            "well_center": [
              -2.0,
              0.0
            ],
            "raw_mode_labels": [
              [
                0,
                0
              ],
              [
                0,
                1
              ],
              [
                1,
                0
              ],
              [
                0,
                2
              ],
              [
                1,
                1
              ],
              [
                2,
                0
              ]
            ],
            "n_raw_modes": 6,
            "n_orthonormal_modes": 6,
            "region_measure": 70.0,
            "region_point_count": 200
          },
          {
            "well_index": 1,
            "well_center": [
              2.0,
              0.0
            ],
            "raw_mode_labels": [
              [
                0,
                0
              ],
              [
                0,
                1
              ],
              [
                1,
                0
              ],
              [
                0,
                2
              ],
              [
                1,
                1
              ],
              [
                2,
                0
              ]
            ],
            "n_raw_modes": 6,
            "n_orthonormal_modes": 6,
            "region_measure": 69.99999999999999,
            "region_point_count": 200
          }
        ]
      }
    },
    "basis_dimensions": {
      "particle_1": 12,
      "particle_2": 12
    },