{
  "source": "results/imag_time_pinn/quench_sep_fast_d8p00_to_d4p00_checkpoint.pt",
  "tau": 1.5,
  "npts": 24,
  "n_grid_per_particle": 576,
  "dot_projection_config": {
    "basis": "localized_ho",
    "max_ho_shell": 2
  },
  "system": {
    "n_particles": 2,
    "dim": 2,
    "omega": 1.0,
    "n_wells": 2,
    "well_centers": [
      [
        -4.0,
        0.0
      ],
      [
        4.0,
        0.0
      ]
    ]
  },
  "entanglement": {
    "norm2_before_normalisation": 2302.42155295677,
    "norm_M_squared": 1.000000000000007,
    "von_neumann_entropy": 0.3467750989072386,
    "purity": 0.860596400892277,
    "linear_entropy": 0.13940359910772304,
    "n_schmidt_terms": 576,
    "effective_schmidt_rank": 3,
    "negativity": 0.8391251670829654,
    "log_negativity": 1.4212908146505492,
    "schmidt_values_top10": [
      0.9624049574571334,
      0.22474357982585638,
      0.09652760664394902,
      0.08881944437763493,
      0.04328550647190545,
      0.032469870777101575,
      0.031507257665500096,
      0.027205160999151254,
      0.02121899121499602,
      0.0166265235973963
    ],
    "schmidt_probs_top10": [
      0.9262233021380667,
      0.05050967667294108,
      0.00931757884440895,
      0.007888893699551786,
      0.0018736350705293684,
      0.0010542925082816749,
      0.0009927072856002145,
      0.0007401207849897405,
      0.0004502455881820783,
      0.000276441286934776
    ]
  },
  "dot_projected_entanglement": {
    "projection_basis": "masked_localized_ho",
    "projection_basis_config": {
      "projection_basis": "localized_ho",
      "max_ho_shell": 2
    },
    "projected_subspace_weight": 0.9527135668322251,
    "sector_probabilities": {
      "LL": 0.0010926913559896963,
      "LR": 3.4433597390967966e-05,
      "RL": 0.07128756281602153,
      "RR": 0.9275853122306051
    },
    "projected_sector_probabilities": {
      "LL": 0.0010473235906787726,
      "LR": 3.371910364587279e-05,
      "RL": 0.07105662925695208,
      "RR": 0.9278623280487235
    },
    "region_metadata": {
      "particle_1": {
        "basis_family": "masked_localized_ho",
        "max_ho_shell": 2,
        "n_basis_total": 12,
        "well_metadata": [
          {
            "well_index": 0,
            "well_center": [
              -4.0,
              0.0
            ],
            "raw_mode_labels": [
              [
                0,
                0
              ],
              [
                0,
                1
              ],
              [
                1,
                0
              ],
              [
                0,
                2
              ],
              [
                1,
                1
              ],
              [
                2,
                0
              ]
            ],
            "n_raw_modes": 6,
            "n_orthonormal_modes": 6,
            "region_measure": 90.0,
            "region_point_count": 288
          },
          {
            "well_index": 1,
            "well_center": [
              4.0,
              0.0
            ],
            "raw_mode_labels": [
              [
                0,
                0
              ],
              [
                0,
                1
              ],
              [
                1,
                0
              ],
              [
                0,
                2
              ],
              [
                1,
                1
              ],
              [
                2,
                0
              ]
            ],
            "n_raw_modes": 6,
            "n_orthonormal_modes": 6,
            "region_measure": 90.0,
            "region_point_count": 288
          }
        ]
      },
      "particle_2": {
        "basis_family": "masked_localized_ho",
        "max_ho_shell": 2,
        "n_basis_total": 12,
        "well_metadata": [
          {
            "well_index": 0,
            "well_center": [
              -4.0,
              0.0
            ],
            "raw_mode_labels": [
              [
                0,
                0
              ],
              [
                0,
                1
              ],
              [
                1,
                0
              ],
              [
                0,
                2
              ],
              [
                1,
                1
              ],
              [
                2,
                0
              ]
            ],
            "n_raw_modes": 6,
            "n_orthonormal_modes": 6,
            "region_measure": 90.0,
            "region_point_count": 288
          },
          {
            "well_index": 1,
            "well_center": [
              4.0,
              0.0
            ],
            "raw_mode_labels": [
              [
                0,
                0
              ],
              [
                0,
                1
              ],
              [
                1,
                0
              ],
              [
                0,
                2
              ],
              [
                1,
                1
              ],
              [
                2,
                0
              ]
            ],
            "n_raw_modes": 6,
            "n_orthonormal_modes": 6,
            "region_measure": 90.0,
            "region_point_count": 288
          }
        ]
      }
    },
    "basis_dimensions": {
      "particle_1": 12,
      "particle_2": 12
    },