{
  "source": "results/p4_n2_nonmcmc_residual_anneal_s42_20260414_150947",
  "tau": null,
  "npts": 32,
  "n_grid_per_particle": 1024,
  "dot_projection_config": {
    "basis": "localized_ho",
    "max_ho_shell": 2
  },
  "system": {
    "n_particles": 2,
    "dim": 2,
    "omega": 1.0,
    "n_wells": 2,
    "well_centers": [
      [
        -2.0,
        0.0
      ],
      [
        2.0,
        0.0
      ]
    ]
  },
  "entanglement": {
    "norm2_before_normalisation": 31.975223903516653,
    "norm_M_squared": 1.000000000000007,
    "von_neumann_entropy": 0.11868377038742374,
    "purity": 0.9702162804106333,
    "linear_entropy": 0.029783719589366653,
    "n_schmidt_terms": 1024,
    "effective_schmidt_rank": 1,
    "negativity": 0.8205388767541955,
    "log_negativity": 1.4011267751701846,
    "schmidt_values_top10": [
      0.9924637941608144,
      0.05071504355473282,
      0.04622193257219168,
      0.04169532553716299,
      0.040790322869177026,
      0.0378668958634786,
      0.036900657395752774,
      0.0230472862100437,
      0.02213783142341017,
      0.021300228056073598
    ],
    "schmidt_probs_top10": [
      0.9849843827200794,
      0.0025720156427584467,
      0.0021364670507082345,
      0.0017385001716499963,
      0.0016638504397717062,
      0.0014339018023355327,
      0.0013616585162387238,
      0.0005311774016476706,
      0.0004900835801313269,
      0.00045369971524074484
    ]
  },
  "dot_projected_entanglement": {
    "projection_basis": "masked_localized_ho",
    "projection_basis_config": {
      "projection_basis": "localized_ho",
      "max_ho_shell": 2
    },
    "projected_subspace_weight": 0.9875512096091925,
    "sector_probabilities": {
      "LL": 0.24415038270473483,
      "LR": 0.24951926414022735,
      "RL": 0.24910495825373086,
      "RR": 0.2572253949013141
    },
    "projected_sector_probabilities": {
      "LL": 0.24152771348308275,
      "LR": 0.25226988870211,
      "RL": 0.25184304308611427,
      "RR": 0.2543593547286931
    },
    "region_metadata": {
      "particle_1": {
        "basis_family": "masked_localized_ho",
        "max_ho_shell": 2,
        "n_basis_total": 12,
        "well_metadata": [
          {
            "well_index": 0,
            "well_center": [
              -2.0,
              0.0
            ],
            "raw_mode_labels": [
              [
                0,
                0
              ],
              [
                0,
                1
              ],
              [
                1,
                0
              ],
              [
                0,
                2
              ],
              [
                1,
                1
              ],
              [
                2,
                0
              ]
            ],
            "n_raw_modes": 6,
            "n_orthonormal_modes": 6,
            "region_measure": 70.0,
            "region_point_count": 512
          },
          {
            "well_index": 1,
            "well_center": [
              2.0,
              0.0
            ],
            "raw_mode_labels": [
              [
                0,
                0
              ],
              [
                0,
                1
              ],
              [
                1,
                0
              ],
              [
                0,
                2
              ],
              [
                1,
                1
              ],
              [
                2,
                0
              ]
            ],
            "n_raw_modes": 6,
            "n_orthonormal_modes": 6,
            "region_measure": 69.99999999999999,
            "region_point_count": 512
          }
        ]
      },
      "particle_2": {
        "basis_family": "masked_localized_ho",
        "max_ho_shell": 2,
        "n_basis_total": 12,
        "well_metadata": [
          {
            "well_index": 0,
            "well_center": [
              -2.0,
              0.0
            ],
            "raw_mode_labels": [
              [
                0,
                0
              ],
              [
                0,
                1
              ],
              [
                1,
                0
              ],
              [
                0,
                2
              ],
              [
                1,
                1
              ],
              [
                2,
                0
              ]
            ],
            "n_raw_modes": 6,
            "n_orthonormal_modes": 6,
            "region_measure": 70.0,
            "region_point_count": 512
          },
          {
            "well_index": 1,
            "well_center": [
              2.0,
              0.0
            ],
            "raw_mode_labels": [
              [
                0,
                0
              ],
              [
                0,
                1
              ],
              [
                1,
                0
              ],
              [
                0,
                2
              ],
              [
                1,
                1
              ],
              [
                2,
                0
              ]
            ],
            "n_raw_modes": 6,
            "n_orthonormal_modes": 6,
            "region_measure": 69.99999999999999,
            "region_point_count": 512
          }
        ]
      }
    },
    "basis_dimensions": {
      "particle_1": 12,
      "particle_2": 12
    },