{
  "source": "results/imag_time_pinn/quench_sep_fast_d8p00_to_d4p00_checkpoint.pt",
  "tau": 0.3,
  "npts": 24,
  "n_grid_per_particle": 576,
  "dot_projection_config": {
    "basis": "localized_ho",
    "max_ho_shell": 2
  },
  "system": {
    "n_particles": 2,
    "dim": 2,
    "omega": 1.0,
    "n_wells": 2,
    "well_centers": [
      [
        -4.0,
        0.0
      ],
      [
        4.0,
        0.0
      ]
    ]
  },
  "entanglement": {
    "norm2_before_normalisation": 918931.6277222923,
    "norm_M_squared": 1.0000000000000069,
    "von_neumann_entropy": 0.5662918486447441,
    "purity": 0.7051236775254466,
    "linear_entropy": 0.2948763224745534,
    "n_schmidt_terms": 576,
    "effective_schmidt_rank": 3,
    "negativity": 0.9609592080179086,
    "log_negativity": 1.5469158966822358,
    "schmidt_values_top10": [
      0.90886171053559,
      0.38788668067080684,
      0.09738128991381352,
      0.08780599235809185,
      0.05441573994331661,
      0.04168401219005336,
      0.024511362715064218,
      0.01824658594314588,
      0.016046448014882475,
      0.011476082383590868
    ],
    "schmidt_probs_top10": [
      0.8260296088776785,
      0.1504560770418165,
      0.0094831156252782,
      0.007709892293989284,
      0.002961072753578663,
      0.0017375568722605172,
      0.0006008069021494403,
      0.00033293789858060885,
      0.0002574884938943257,
      0.00013170046687496466
    ]
  },
  "dot_projected_entanglement": {
    "projection_basis": "masked_localized_ho",
    "projection_basis_config": {
      "projection_basis": "localized_ho",
      "max_ho_shell": 2
    },
    "projected_subspace_weight": 0.8282471304511484,
    "sector_probabilities": {
      "LL": 3.97022585513571e-06,
      "LR": 8.792710203124513e-07,
      "RL": 0.33888657178825166,
      "RR": 0.6611085787148796
    },
    "projected_sector_probabilities": {
      "LL": 3.735679580751889e-06,
      "LR": 1.0507579577624527e-06,
      "RL": 0.34810435957477764,
      "RR": 0.6518908539876839
    },
    "region_metadata": {
      "particle_1": {
        "basis_family": "masked_localized_ho",
        "max_ho_shell": 2,
        "n_basis_total": 12,
        "well_metadata": [
          {
            "well_index": 0,
            "well_center": [
              -4.0,
              0.0
            ],
            "raw_mode_labels": [
              [
                0,
                0
              ],
              [
                0,
                1
              ],
              [
                1,
                0
              ],
              [
                0,
                2
              ],
              [
                1,
                1
              ],
              [
                2,
                0
              ]
            ],
            "n_raw_modes": 6,
            "n_orthonormal_modes": 6,
            "region_measure": 90.0,
            "region_point_count": 288
          },
          {
            "well_index": 1,
            "well_center": [
              4.0,
              0.0
            ],
            "raw_mode_labels": [
              [
                0,
                0
              ],
              [
                0,
                1
              ],
              [
                1,
                0
              ],
              [
                0,
                2
              ],
              [
                1,
                1
              ],
              [
                2,
                0
              ]
            ],
            "n_raw_modes": 6,
            "n_orthonormal_modes": 6,
            "region_measure": 90.0,
            "region_point_count": 288
          }
        ]
      },
      "particle_2": {
        "basis_family": "masked_localized_ho",
        "max_ho_shell": 2,
        "n_basis_total": 12,
        "well_metadata": [
          {
            "well_index": 0,
            "well_center": [
              -4.0,
              0.0
            ],
            "raw_mode_labels": [
              [
                0,
                0
              ],
              [
                0,
                1
              ],
              [
                1,
                0
              ],
              [
                0,
                2
              ],
              [
                1,
                1
              ],
              [
                2,
                0
              ]
            ],
            "n_raw_modes": 6,
            "n_orthonormal_modes": 6,
            "region_measure": 90.0,
            "region_point_count": 288
          },
          {
            "well_index": 1,
            "well_center": [
              4.0,
              0.0
            ],
            "raw_mode_labels": [
              [
                0,
                0
              ],
              [
                0,
                1
              ],
              [
                1,
                0
              ],
              [
                0,
                2
              ],
              [
                1,
                1
              ],
              [
                2,
                0
              ]
            ],
            "n_raw_modes": 6,
            "n_orthonormal_modes": 6,
            "region_measure": 90.0,
            "region_point_count": 288
          }
        ]
      }
    },
    "basis_dimensions": {
      "particle_1": 12,
      "particle_2": 12
    },