{
  "source": "results/p4_n2_nonmcmc_residual_anneal_s42_20260414_150947",
  "tau": null,
  "npts": 24,
  "n_grid_per_particle": 576,
  "dot_projection_config": {
    "basis": "localized_ho",
    "max_ho_shell": 2
  },
  "system": {
    "n_particles": 2,
    "dim": 2,
    "omega": 1.0,
    "n_wells": 2,
    "well_centers": [
      [
        -2.0,
        0.0
      ],
      [
        2.0,
        0.0
      ]
    ]
  },
  "entanglement": {
    "norm2_before_normalisation": 31.8904132589598,
    "norm_M_squared": 1.0000000000000044,
    "von_neumann_entropy": 0.14792008595599027,
    "purity": 0.9608162891545076,
    "linear_entropy": 0.03918371084549244,
    "n_schmidt_terms": 576,
    "effective_schmidt_rank": 1,
    "negativity": 0.8071151922942872,
    "log_negativity": 1.3863862872914912,
    "schmidt_values_top10": [
      0.9900461292640289,
      0.05913100726524918,
      0.05295889105682321,
      0.05013587664126933,
      0.04789238496157193,
      0.04542183951976403,
      0.04195692835851922,
      0.028420429309240103,
      0.02687281434083007,
      0.023892302511753408
    ],
    "schmidt_probs_top10": [
      0.9801913380706863,
      0.003496476020202952,
      0.002804644141968469,
      0.002513606126588576,
      0.002293680537307401,
      0.0020631435053591976,
      0.0017603838372819143,
      0.0008077208021215139,
      0.0007221481505967223,
      0.0005708421193131382
    ]
  },
  "dot_projected_entanglement": {
    "projection_basis": "masked_localized_ho",
    "projection_basis_config": {
      "projection_basis": "localized_ho",
      "max_ho_shell": 2
    },
    "projected_subspace_weight": 0.9843618717552993,
    "sector_probabilities": {
      "LL": 0.2434429123797534,
      "LR": 0.250177380204894,
      "RL": 0.24976740976658385,
      "RR": 0.2566122976487732
    },
    "projected_sector_probabilities": {
      "LL": 0.23982351586208123,
      "LR": 0.2539263594030549,
      "RL": 0.2535040935644357,
      "RR": 0.25274603117042843
    },
    "region_metadata": {
      "particle_1": {
        "basis_family": "masked_localized_ho",
        "max_ho_shell": 2,
        "n_basis_total": 12,
        "well_metadata": [
          {
            "well_index": 0,
            "well_center": [
              -2.0,
              0.0
            ],
            "raw_mode_labels": [
              [
                0,
                0
              ],
              [
                0,
                1
              ],
              [
                1,
                0
              ],
              [
                0,
                2
              ],
              [
                1,
                1
              ],
              [
                2,
                0
              ]
            ],
            "n_raw_modes": 6,
            "n_orthonormal_modes": 6,
            "region_measure": 70.0,
            "region_point_count": 288
          },
          {
            "well_index": 1,
            "well_center": [
              2.0,
              0.0
            ],
            "raw_mode_labels": [
              [
                0,
                0
              ],
              [
                0,
                1
              ],
              [
                1,
                0
              ],
              [
                0,
                2
              ],
              [
                1,
                1
              ],
              [
                2,
                0
              ]
            ],
            "n_raw_modes": 6,
            "n_orthonormal_modes": 6,
            "region_measure": 69.99999999999999,
            "region_point_count": 288
          }
        ]
      },
      "particle_2": {
        "basis_family": "masked_localized_ho",
        "max_ho_shell": 2,
        "n_basis_total": 12,
        "well_metadata": [
          {
            "well_index": 0,
            "well_center": [
              -2.0,
              0.0
            ],
            "raw_mode_labels": [
              [
                0,
                0
              ],
              [
                0,
                1
              ],
              [
                1,
                0
              ],
              [
                0,
                2
              ],
              [
                1,
                1
              ],
              [
                2,
                0
              ]
            ],
            "n_raw_modes": 6,
            "n_orthonormal_modes": 6,
            "region_measure": 70.0,
            "region_point_count": 288
          },
          {
            "well_index": 1,
            "well_center": [
              2.0,
              0.0
            ],
            "raw_mode_labels": [
              [
                0,
                0
              ],
              [
                0,
                1
              ],
              [
                1,
                0
              ],
              [
                0,
                2
              ],
              [
                1,
                1
              ],
              [
                2,
                0
              ]
            ],
            "n_raw_modes": 6,
            "n_orthonormal_modes": 6,
            "region_measure": 69.99999999999999,
            "region_point_count": 288
          }
        ]
      }
    },
    "basis_dimensions": {
      "particle_1": 12,
      "particle_2": 12
    },