{
  "source": "results/imag_time_pinn/quench_sep_fast_d8p00_to_d4p00_checkpoint.pt",
  "tau": 0.3,
  "npts": 28,
  "n_grid_per_particle": 784,
  "dot_projection_config": {
    "basis": "localized_ho",
    "max_ho_shell": 2
  },
  "system": {
    "n_particles": 2,
    "dim": 2,
    "omega": 1.0,
    "n_wells": 2,
    "well_centers": [
      [
        -4.0,
        0.0
      ],
      [
        4.0,
        0.0
      ]
    ]
  },
  "entanglement": {
    "norm2_before_normalisation": 918686.597836149,
    "norm_M_squared": 1.0000000000000022,
    "von_neumann_entropy": 0.5660721531909978,
    "purity": 0.7051337468355275,
    "linear_entropy": 0.29486625316447246,
    "n_schmidt_terms": 784,
    "effective_schmidt_rank": 3,
    "negativity": 0.9729101581066328,
    "log_negativity": 1.5586694341708174,
    "schmidt_values_top10": [
      0.9088655614955874,
      0.3878711328224802,
      0.097429571698293,
      0.08868689714992561,
      0.05395048208312304,
      0.04137119998881857,
      0.023849150688053263,
      0.017790051164286724,
      0.013600366971259048,
      0.011244694758406905
    ],
    "schmidt_probs_top10": [
      0.8260366088726894,
      0.1504440156769941,
      0.009492521441312816,
      0.007865365726081484,
      0.00291065451700138,
      0.0017115761885148218,
      0.0005687819885414714,
      0.0003164859204279394,
      0.00018496998175291401,
      0.0001264431602097437
    ]
  },
  "dot_projected_entanglement": {
    "projection_basis": "masked_localized_ho",
    "projection_basis_config": {
      "projection_basis": "localized_ho",
      "max_ho_shell": 2
    },
    "projected_subspace_weight": 0.8286691061846583,
    "sector_probabilities": {
      "LL": 3.9808509208557465e-06,
      "LR": 8.782833326528321e-07,
      "RL": 0.33912877322290624,
      "RR": 0.6608663676428422
    },
    "projected_sector_probabilities": {
      "LL": 3.747105397678483e-06,
      "LR": 1.0463853310794785e-06,
      "RL": 0.3481342680280311,
      "RR": 0.6518609384812403
    },
    "region_metadata": {
      "particle_1": {
        "basis_family": "masked_localized_ho",
        "max_ho_shell": 2,
        "n_basis_total": 12,
        "well_metadata": [
          {
            "well_index": 0,
            "well_center": [
              -4.0,
              0.0
            ],
            "raw_mode_labels": [
              [
                0,
                0
              ],
              [
                0,
                1
              ],
              [
                1,
                0
              ],
              [
                0,
                2
              ],
              [
                1,
                1
              ],
              [
                2,
                0
              ]
            ],
            "n_raw_modes": 6,
            "n_orthonormal_modes": 6,
            "region_measure": 90.00000000000001,
            "region_point_count": 392
          },
          {
            "well_index": 1,
            "well_center": [
              4.0,
              0.0
            ],
            "raw_mode_labels": [
              [
                0,
                0
              ],
              [
                0,
                1
              ],
              [
                1,
                0
              ],
              [
                0,
                2
              ],
              [
                1,
                1
              ],
              [
                2,
                0
              ]
            ],
            "n_raw_modes": 6,
            "n_orthonormal_modes": 6,
            "region_measure": 90.00000000000001,
            "region_point_count": 392
          }
        ]
      },
      "particle_2": {
        "basis_family": "masked_localized_ho",
        "max_ho_shell": 2,
        "n_basis_total": 12,
        "well_metadata": [
          {
            "well_index": 0,
            "well_center": [
              -4.0,
              0.0
            ],
            "raw_mode_labels": [
              [
                0,
                0
              ],
              [
                0,
                1
              ],
              [
                1,
                0
              ],
              [
                0,
                2
              ],
              [
                1,
                1
              ],
              [
                2,
                0
              ]
            ],
            "n_raw_modes": 6,
            "n_orthonormal_modes": 6,
            "region_measure": 90.00000000000001,
            "region_point_count": 392
          },
          {
            "well_index": 1,
            "well_center": [
              4.0,
              0.0
            ],
            "raw_mode_labels": [
              [
                0,
                0
              ],
              [
                0,
                1
              ],
              [
                1,
                0
              ],
              [
                0,
                2
              ],
              [
                1,
                1
              ],
              [
                2,
                0
              ]
            ],
            "n_raw_modes": 6,
            "n_orthonormal_modes": 6,
            "region_measure": 90.00000000000001,
            "region_point_count": 392
          }
        ]
      }
    },
    "basis_dimensions": {
      "particle_1": 12,
      "particle_2": 12
    },