{
  "result_dir": "results/p4_n2_nonmcmc_residual_anneal_s42_20260414_150947",
  "npts": 20,
  "n_grid_per_particle": 800,
  "system": {
    "n_particles": 2,
    "dim": 2,
    "omega": 1.0,
    "n_wells": 2,
    "well_centers": [
      [
        -2.0,
        0.0
      ],
      [
        2.0,
        0.0
      ]
    ]
  },
  "entanglement": {
    "norm2_before_normalisation": 127.9191794764077,
    "norm_M_squared": 1.000000000000002,
    "von_neumann_entropy": 0.11762996169309331,
    "purity": 0.9704036034154003,
    "linear_entropy": 0.02959639658459967,
    "n_schmidt_terms": 800,
    "effective_schmidt_rank": 1,
    "negativity": 0.8205027779697677,
    "log_negativity": 1.4010873365364271,
    "schmidt_values_top10": [
      0.992511642346293,
      0.05110766219381042,
      0.0449953547025006,
      0.04325803923902101,
      0.04049090154655271,
      0.03949912783518392,
      0.03531243415806156,
      0.022868958216772435,
      0.022068251936315196,
      0.02189327853333539
    ],
    "schmidt_probs_top10": [
      0.9850793601929337,
      0.0026119931349166334,
      0.002024581944803839,
      0.0018712579588046777,
      0.0016395131080526213,
      0.001560181099740198,
      0.0012469680061674305,
      0.0005229892499204824,
      0.0004870077435246784,
      0.00047931564493820317
    ]
  }
}