{
  "source": "results/imag_time_pinn/quench_sep_fast_d8p00_to_d4p00_checkpoint.pt",
  "tau": 0.1,
  "npts": 28,
  "n_grid_per_particle": 784,
  "dot_projection_config": {
    "basis": "localized_ho",
    "max_ho_shell": 2
  },
  "system": {
    "n_particles": 2,
    "dim": 2,
    "omega": 1.0,
    "n_wells": 2,
    "well_centers": [
      [
        -4.0,
        0.0
      ],
      [
        4.0,
        0.0
      ]
    ]
  },
  "entanglement": {
    "norm2_before_normalisation": 64563161.3273034,
    "norm_M_squared": 1.0000000000000029,
    "von_neumann_entropy": 0.7176129641897746,
    "purity": 0.5564988010922532,
    "linear_entropy": 0.44350119890774675,
    "n_schmidt_terms": 784,
    "effective_schmidt_rank": 3,
    "negativity": 0.9161149125688641,
    "log_negativity": 1.5019383396205421,
    "schmidt_values_top10": [
      0.8278149117407606,
      0.5425734956019216,
      0.12172732811949774,
      0.054429679334375494,
      0.03511939804343832,
      0.024130282104459857,
      0.01947825205155106,
      0.01500380619299403,
      0.006525689648900203,
      0.0050818733789892885
    ],
    "schmidt_probs_top10": [
      0.6852775281003632,
      0.2943859981296884,
      0.014817542411111865,
      0.0029625899924429428,
      0.0012333721189334592,
      0.0005822705144408157,
      0.0003794023029837531,
      0.000225114200276926,
      4.2584625393763256e-05,
      2.582543704008001e-05
    ]
  },
  "dot_projected_entanglement": {
    "projection_basis": "masked_localized_ho",
    "projection_basis_config": {
      "projection_basis": "localized_ho",
      "max_ho_shell": 2
    },
    "projected_subspace_weight": 0.6904023435454953,
    "sector_probabilities": {
      "LL": 7.867212454444404e-08,
      "LR": 2.5360132845817454e-08,
      "RL": 0.9368897481971877,
      "RR": 0.06311014777055773
    },
    "projected_sector_probabilities": {
      "LL": 7.516888210606327e-08,
      "LR": 3.6631873082716787e-08,
      "RL": 0.9432258728319882,
      "RR": 0.056774015367256264
    },
    "region_metadata": {
      "particle_1": {
        "basis_family": "masked_localized_ho",
        "max_ho_shell": 2,
        "n_basis_total": 12,
        "well_metadata": [
          {
            "well_index": 0,
            "well_center": [
              -4.0,
              0.0
            ],
            "raw_mode_labels": [
              [
                0,
                0
              ],
              [
                0,
                1
              ],
              [
                1,
                0
              ],
              [
                0,
                2
              ],
              [
                1,
                1
              ],
              [
                2,
                0
              ]
            ],
            "n_raw_modes": 6,
            "n_orthonormal_modes": 6,
            "region_measure": 90.00000000000001,
            "region_point_count": 392
          },
          {
            "well_index": 1,
            "well_center": [
              4.0,
              0.0
            ],
            "raw_mode_labels": [
              [
                0,
                0
              ],
              [
                0,
                1
              ],
              [
                1,
                0
              ],
              [
                0,
                2
              ],
              [
                1,
                1
              ],
              [
                2,
                0
              ]
            ],
            "n_raw_modes": 6,
            "n_orthonormal_modes": 6,
            "region_measure": 90.00000000000001,
            "region_point_count": 392
          }
        ]
      },
      "particle_2": {
        "basis_family": "masked_localized_ho",
        "max_ho_shell": 2,
        "n_basis_total": 12,
        "well_metadata": [
          {
            "well_index": 0,
            "well_center": [
              -4.0,
              0.0
            ],
            "raw_mode_labels": [
              [
                0,
                0
              ],
              [
                0,
                1
              ],
              [
                1,
                0
              ],
              [
                0,
                2
              ],
              [
                1,
                1
              ],
              [
                2,
                0
              ]
            ],
            "n_raw_modes": 6,
            "n_orthonormal_modes": 6,
            "region_measure": 90.00000000000001,
            "region_point_count": 392
          },
          {
            "well_index": 1,
            "well_center": [
              4.0,
              0.0
            ],
            "raw_mode_labels": [
              [
                0,
                0
              ],
              [
                0,
                1
              ],
              [
                1,
                0
              ],
              [
                0,
                2
              ],
              [
                1,
                1
              ],
              [
                2,
                0
              ]
            ],
            "n_raw_modes": 6,
            "n_orthonormal_modes": 6,
            "region_measure": 90.00000000000001,
            "region_point_count": 392
          }
        ]
      }
    },
    "basis_dimensions": {
      "particle_1": 12,
      "particle_2": 12
    },