{
  "source": "results/p4_n2_nonmcmc_residual_anneal_s42_20260414_150947",
  "tau": null,
  "npts": 16,
  "n_grid_per_particle": 256,
  "dot_projection_config": {
    "basis": "localized_ho",
    "max_ho_shell": 2
  },
  "system": {
    "n_particles": 2,
    "dim": 2,
    "omega": 1.0,
    "n_wells": 2,
    "well_centers": [
      [
        -2.0,
        0.0
      ],
      [
        2.0,
        0.0
      ]
    ]
  },
  "entanglement": {
    "norm2_before_normalisation": 31.21791176268642,
    "norm_M_squared": 1.0000000000000062,
    "von_neumann_entropy": 0.23326447708877243,
    "purity": 0.9243348247606724,
    "linear_entropy": 0.07566517523932759,
    "n_schmidt_terms": 256,
    "effective_schmidt_rank": 4,
    "negativity": 0.7501350253293271,
    "log_negativity": 1.322083926769425,
    "schmidt_values_top10": [
      0.9804357272560276,
      0.102934285362333,
      0.09907319448801846,
      0.0985498915495831,
      0.06725798336373195,
      0.02571879618777482,
      0.022370493777790226,
      0.02177679610506647,
      0.02140853456178535,
      0.021084006169221785
    ],
    "schmidt_probs_top10": [
      0.9612542152800557,
      0.010595467103054201,
      0.009815497866060731,
      0.00971208112443459,
      0.004523636326156044,
      0.0006614564773483006,
      0.0005004389918621512,
      0.0004742288486016382,
      0.00045832535208315786,
      0.0004445353161437823
    ]
  },
  "dot_projected_entanglement": {
    "projection_basis": "masked_localized_ho",
    "projection_basis_config": {
      "projection_basis": "localized_ho",
      "max_ho_shell": 2
    },
    "projected_subspace_weight": 0.9753495265361334,
    "sector_probabilities": {
      "LL": 0.23514474247401437,
      "LR": 0.2585462897529019,
      "RL": 0.25815383046198415,
      "RR": 0.2481551373111059
    },
    "projected_sector_probabilities": {
      "LL": 0.22881782688637653,
      "LR": 0.2650663517520934,
      "RL": 0.26466389276878566,
      "RR": 0.24145192859274456
    },
    "region_metadata": {
      "particle_1": {
        "basis_family": "masked_localized_ho",
        "max_ho_shell": 2,
        "n_basis_total": 12,
        "well_metadata": [
          {
            "well_index": 0,
            "well_center": [
              -2.0,
              0.0
            ],
            "raw_mode_labels": [
              [
                0,
                0
              ],
              [
                0,
                1
              ],
              [
                1,
                0
              ],
              [
                0,
                2
              ],
              [
                1,
                1
              ],
              [
                2,
                0
              ]
            ],
            "n_raw_modes": 6,
            "n_orthonormal_modes": 6,
            "region_measure": 70.0,
            "region_point_count": 128
          },
          {
            "well_index": 1,
            "well_center": [
              2.0,
              0.0
            ],
            "raw_mode_labels": [
              [
                0,
                0
              ],
              [
                0,
                1
              ],
              [
                1,
                0
              ],
              [
                0,
                2
              ],
              [
                1,
                1
              ],
              [
                2,
                0
              ]
            ],
            "n_raw_modes": 6,
            "n_orthonormal_modes": 6,
            "region_measure": 70.0,
            "region_point_count": 128
          }
        ]
      },
      "particle_2": {
        "basis_family": "masked_localized_ho",
        "max_ho_shell": 2,
        "n_basis_total": 12,
        "well_metadata": [
          {
            "well_index": 0,
            "well_center": [
              -2.0,
              0.0
            ],
            "raw_mode_labels": [
              [
                0,
                0
              ],
              [
                0,
                1
              ],
              [
                1,
                0
              ],
              [
                0,
                2
              ],
              [
                1,
                1
              ],
              [
                2,
                0
              ]
            ],
            "n_raw_modes": 6,
            "n_orthonormal_modes": 6,
            "region_measure": 70.0,
            "region_point_count": 128
          },
          {
            "well_index": 1,
            "well_center": [
              2.0,
              0.0
            ],
            "raw_mode_labels": [
              [
                0,
                0
              ],
              [
                0,
                1
              ],
              [
                1,
                0
              ],
              [
                0,
                2
              ],
              [
                1,
                1
              ],
              [
                2,
                0
              ]
            ],
            "n_raw_modes": 6,
            "n_orthonormal_modes": 6,
            "region_measure": 70.0,
            "region_point_count": 128
          }
        ]
      }
    },
    "basis_dimensions": {
      "particle_1": 12,
      "particle_2": 12
    },