{
  "source": "results/imag_time_pinn/quench_sep_fast_d8p00_to_d4p00_checkpoint.pt",
  "tau": 2.0,
  "npts": 28,
  "n_grid_per_particle": 784,
  "dot_projection_config": {
    "basis": "localized_ho",
    "max_ho_shell": 2
  },
  "system": {
    "n_particles": 2,
    "dim": 2,
    "omega": 1.0,
    "n_wells": 2,
    "well_centers": [
      [
        -4.0,
        0.0
      ],
      [
        4.0,
        0.0
      ]
    ]
  },
  "entanglement": {
    "norm2_before_normalisation": 836.8236206968623,
    "norm_M_squared": 1.0000000000000033,
    "von_neumann_entropy": 0.299302340591606,
    "purity": 0.884421062703124,
    "linear_entropy": 0.11557893729687596,
    "n_schmidt_terms": 784,
    "effective_schmidt_rank": 2,
    "negativity": 0.8103934531699644,
    "log_negativity": 1.3900000542902617,
    "schmidt_values_top10": [
      0.9692573186682837,
      0.20466224625980825,
      0.08107921294259443,
      0.07335800840032199,
      0.05022600551124973,
      0.03838270815666295,
      0.029720637231383323,
      0.020988642488287242,
      0.01849774398041601,
      0.016460555251404368
    ],
    "schmidt_probs_top10": [
      0.9394597497920308,
      0.041886635044110394,
      0.006573838771390572,
      0.005381397396461711,
      0.002522651629616088,
      0.0014732322854395603,
      0.0008833162774394886,
      0.0004405231135011365,
      0.0003421665323650167,
      0.0002709498791845359
    ]
  },
  "dot_projected_entanglement": {
    "projection_basis": "masked_localized_ho",
    "projection_basis_config": {
      "projection_basis": "localized_ho",
      "max_ho_shell": 2
    },
    "projected_subspace_weight": 0.9520076066127706,
    "sector_probabilities": {
      "LL": 0.0028553016994167625,
      "LR": 3.653724637585822e-05,
      "RL": 0.22488316741218126,
      "RR": 0.7722249936420295
    },
    "projected_sector_probabilities": {
      "LL": 0.0027866178707018955,
      "LR": 3.5017078128617495e-05,
      "RL": 0.22592725943023237,
      "RR": 0.7712511056209372
    },
    "region_metadata": {
      "particle_1": {
        "basis_family": "masked_localized_ho",
        "max_ho_shell": 2,
        "n_basis_total": 12,
        "well_metadata": [
          {
            "well_index": 0,
            "well_center": [
              -4.0,
              0.0
            ],
            "raw_mode_labels": [
              [
                0,
                0
              ],
              [
                0,
                1
              ],
              [
                1,
                0
              ],
              [
                0,
                2
              ],
              [
                1,
                1
              ],
              [
                2,
                0
              ]
            ],
            "n_raw_modes": 6,
            "n_orthonormal_modes": 6,
            "region_measure": 90.00000000000001,
            "region_point_count": 392
          },
          {
            "well_index": 1,
            "well_center": [
              4.0,
              0.0
            ],
            "raw_mode_labels": [
              [
                0,
                0
              ],
              [
                0,
                1
              ],
              [
                1,
                0
              ],
              [
                0,
                2
              ],
              [
                1,
                1
              ],
              [
                2,
                0
              ]
            ],
            "n_raw_modes": 6,
            "n_orthonormal_modes": 6,
            "region_measure": 90.00000000000001,
            "region_point_count": 392
          }
        ]
      },
      "particle_2": {
        "basis_family": "masked_localized_ho",
        "max_ho_shell": 2,
        "n_basis_total": 12,
        "well_metadata": [
          {
            "well_index": 0,
            "well_center": [
              -4.0,
              0.0
            ],
            "raw_mode_labels": [
              [
                0,
                0
              ],
              [
                0,
                1
              ],
              [
                1,
                0
              ],
              [
                0,
                2
              ],
              [
                1,
                1
              ],
              [
                2,
                0
              ]
            ],
            "n_raw_modes": 6,
            "n_orthonormal_modes": 6,
            "region_measure": 90.00000000000001,
            "region_point_count": 392
          },
          {
            "well_index": 1,
            "well_center": [
              4.0,
              0.0
            ],
            "raw_mode_labels": [
              [
                0,
                0
              ],
              [
                0,
                1
              ],
              [
                1,
                0
              ],
              [
                0,
                2
              ],
              [
                1,
                1
              ],
              [
                2,
                0
              ]
            ],
            "n_raw_modes": 6,
            "n_orthonormal_modes": 6,
            "region_measure": 90.00000000000001,
            "region_point_count": 392
          }
        ]
      }
    },
    "basis_dimensions": {
      "particle_1": 12,
      "particle_2": 12
    },