{
  "result_dir": "results/p4_n2_nonmcmc_residual_anneal_d2_s42_20260414_160054",
  "npts": 30,
  "n_grid_per_particle": 900,
  "system": {
    "n_particles": 2,
    "dim": 2,
    "omega": 1.0,
    "n_wells": 2,
    "well_centers": [
      [
        -1.0,
        0.0
      ],
      [
        1.0,
        0.0
      ]
    ]
  },
  "entanglement": {
    "norm2_before_normalisation": 70.56924518645901,
    "norm_M_squared": 1.0000000000000053,
    "von_neumann_entropy": 0.32099082375179644,
    "purity": 0.8713871836364805,
    "linear_entropy": 0.1286128163635195,
    "n_schmidt_terms": 900,
    "effective_schmidt_rank": 2,
    "negativity": 0.8722792911411449,
    "log_negativity": 1.4565741337982208,
    "schmidt_values_top10": [
      0.9654868340425468,
      0.22015703572114148,
      0.08869237044975314,
      0.07968272338275804,
      0.0380088487177239,
      0.03326014304658683,
      0.030239056010445648,
      0.018938017476751473,
      0.01745547494374998,
      0.014737821055200368
    ],
    "schmidt_probs_top10": [
      0.9321648267094942,
      0.04846912037751965,
      0.007866336575996195,
      0.006349336405693095,
      0.0014446725808468124,
      0.0011062371154794111,
      0.0009144005084028632,
      0.0003586485059497419,
      0.0003046936055118814,
      0.0002172033694551059
    ]
  }
}