{
  "source": "results/p4_n2_nonmcmc_residual_anneal_d8_s42_20260414_160016",
  "tau": null,
  "npts": 16,
  "n_grid_per_particle": 256,
  "system": {
    "n_particles": 2,
    "dim": 2,
    "omega": 1.0,
    "n_wells": 2,
    "well_centers": [
      [
        -4.0,
        0.0
      ],
      [
        4.0,
        0.0
      ]
    ]
  },
  "entanglement": {
    "norm2_before_normalisation": 13.825478620273335,
    "norm_M_squared": 1.0000000000000024,
    "von_neumann_entropy": 0.4790887775336189,
    "purity": 0.7961656041307955,
    "linear_entropy": 0.2038343958692045,
    "n_schmidt_terms": 256,
    "effective_schmidt_rank": 4,
    "negativity": 1.022860718942476,
    "log_negativity": 1.606783998765649,
    "schmidt_values_top10": [
      0.9430590345304919,
      0.2592806333207505,
      0.14063829333110633,
      0.12958622719969193,
      0.04924201673334238,
      0.04689545837050969,
      0.01787267647475317,
      0.01661644464814722,
      0.01646763822043081,
      0.01482178042419944
    ],
    "schmidt_probs_top10": [
      0.8893603426095807,
      0.06722644681520927,
      0.019779129551086246,
      0.016792590279850125,
      0.0024247762119667636,
      0.002199184015780201,
      0.00031943256437119445,
      0.00027610623274493956,
      0.0002711831085589927,
      0.00021968517494318102
    ]
  }
}