{
  "sweep_config": {
    "separations": [
      4.0
    ],
    "B_pre": 0.0,
    "B_post_values": [
      0.5
    ],
    "omega": 1.0,
    "kappa": 1.0,
    "epsilon": 0.01,
    "nx": 20,
    "ny": 20,
    "n_sp_states": 40,
    "n_ci_compute": 200
  },
  "runs": [
    {
      "sep": 4.0,
      "B_pre": 0.0,
      "B_post": 0.5,
      "pre_energy": 2.647061002638543,
      "post_energy": 2.301449840555712,
      "pre_gap": 0.1543888379171623,
      "post_gap": 0.34561116208283105,
      "pre_spin": "singlet",
      "post_spin": "triplet_m",
      "spin_flip": true,
      "pre_entropy": 0.3878697661957472,
      "post_entropy": 0.6931471805599452,
      "pre_negativity": 0.42996176831683697,
      "post_negativity": 0.5000000000000001
    }
  ],
  "raw_results": [
    {
      "sep": 4.0,
      "B_pre": 0.0,
      "B_post": 0.5,
      "omega": 1.0,
      "kappa": 1.0,
      "pre": {
        "B": 0.0,
        "E0": 2.647061002638543,
        "gap": 0.1543888379171623,
        "eigenvalues": [
          2.647061002638543,
          2.8014498405557053,
          2.801449840555708,
          2.8014498405557116,
          2.9308225375315486,
          3.092070222315309,
          3.87885323503548,
          3.878853235035485
        ],
        "spin_weights": {
          "singlet": 0.9999999999999998,
          "triplet_0": 4.132597328204369e-38,
          "triplet_m": 1.4040029368051346e-31,
          "triplet_p": 2.949381156479639e-32
        },
        "dominant_spin": "singlet",
        "entanglement": {
          "entropy": 0.3878697661957472,
          "purity": 0.7801911175260398,
          "linear_entropy": 0.21980888247396024,
          "negativity": 0.42996445377432746,
          "log_negativity": 0.4476237389765588,
          "schmidt_values": [
            0.9351724945886258,
            0.35202693243825145,
            0.026386564120412483,
            0.018428245529246854,
            0.01588427407244533,
            0.015531251427733418,
            0.00024030928817111625,
            5.824418187002897e-05,
            3.876491813105122e-05,
            2.502512741599593e-05
          ],
          "schmidt_probs": [
            0.8745475946351133,
            0.12392296116188524,
            0.0006962507660806395,
            0.0003396002332862067,
            0.000252310162808559,
            0.00024121977091147133,
            5.774855398130859e-08,
            3.392384721709011e-09,
            1.502718877707103e-09,
            6.262570021868312e-10
          ],
          "effective_rank": 1.4738378282816036
        },
        "partial_transpose": {
          "n_orb_truncated": 10,
          "n_negative_eigenvalues": 45,
          "negativity": 0.42996176831683697,
          "min_eigenvalue": -0.3292051940115104,
          "log_negativity": 0.8952433118779713,
          "negative_eigenvalues": [
            -0.3292051940115104,
            -0.024676014381106136,
            -0.01723360633015027,
            -0.014854543775978491,
            -0.01452441430169509,
            -0.009288764134419277,
            -0.0064872269043889435,
            -0.005591679082709501,
            -0.005467408818756885,
            -0.0004862587446922348,
            -0.00041913176331794856,
            -0.0004098169199429909,
            -0.00029271954935371344,
            -0.0002862141088367932,
            -0.0002467028622779126,
            -0.00022472470139692729,
            -8.459286472339962e-05,
            -5.446841370636209e-05,
            -3.518981541879073e-05,
            -2.3105492085977052e-05
          ]
        },
        "first_excited_spin": "triplet_m"
      },
      "post": {
        "B": 0.5,
        "E0": 2.301449840555712,
        "gap": 0.34561116208283105,
        "eigenvalues": [
          2.301449840555712,
          2.647061002638543,
          2.8014498405557107,
          2.9308225375315495,
          3.092070222315315,
          3.301449840555711,
          3.378853235035484,
          3.543360321164969
        ],
        "spin_weights": {
          "singlet": 2.5134318665163717e-31,
          "triplet_0": 2.1095757534422383e-32,
          "triplet_m": 1.0000000000000004,
          "triplet_p": 7.546431913745624e-33
        },
        "dominant_spin": "triplet_m",
        "entanglement": {
          "entropy": 0.6931471805599452,
          "purity": 0.5000000000000001,
          "linear_entropy": 0.4999999999999999,
          "negativity": 0.5000000000000044,
          "log_negativity": 0.5000000000000033,
          "schmidt_values": [
            0.7071067811865478,
            0.7071067811865474,
            1.5691581084161789e-16,
            7.065416064076986e-17,
            7.065416064076986e-17,
            7.065416064076986e-17,
            7.065416064076986e-17,
            7.065416064076986e-17,
            7.065416064076986e-17,
            7.065416064076986e-17
          ],
          "schmidt_probs": [
            0.5000000000000003,
            0.4999999999999998,
            2.4622571692082405e-32,
            4.992010415851713e-33,
            4.992010415851713e-33,
            4.992010415851713e-33,
            4.992010415851713e-33,
            4.992010415851713e-33,
            4.992010415851713e-33,
            4.992010415851713e-33
          ],
          "effective_rank": 1.9999999999999998
        },
        "partial_transpose": {
          "n_orb_truncated": 10,
          "n_negative_eigenvalues": 1,
          "negativity": 0.5000000000000001,
          "min_eigenvalue": -0.5000000000000001,
          "log_negativity": 1.0000000000000013,
          "negative_eigenvalues": [
            -0.5000000000000001
          ]
        },
        "first_excited_spin": "singlet"
      }
    }
  ]
}