{
  "sweep_config": {
    "separations": [
      4.0,
      8.0
    ],
    "B_pre": 0.0,
    "B_post_values": [
      0.5
    ],
    "omega": 1.0,
    "kappa": 0.7,
    "epsilon": 0.02,
    "nx": 20,
    "ny": 20,
    "n_sp_states": 40,
    "n_ci_compute": 200
  },
  "runs": [
    {
      "sep": 4.0,
      "B_pre": 0.0,
      "B_post": 0.5,
      "pre_energy": 2.6560561689764355,
      "post_energy": 2.301449840555712,
      "pre_gap": 0.14539367157926808,
      "post_gap": 0.3546063284207226,
      "pre_spin": "singlet",
      "post_spin": "triplet_m",
      "spin_flip": true,
      "pre_entropy": 0.1775931246430463,
      "post_entropy": 0.6931471805599453,
      "pre_negativity": 0.26220623985474517,
      "post_negativity": 0.4999999999999999
    },
    {
      "sep": 8.0,
      "B_pre": 0.0,
      "B_post": 0.5,
      "pre_energy": 2.7519597659879023,
      "post_energy": 2.3286071532898127,
      "pre_gap": 0.07664738730190201,
      "post_gap": 0.4233526126980882,
      "pre_spin": "singlet",
      "post_spin": "triplet_m",
      "spin_flip": true,
      "pre_entropy": 0.6931470521953501,
      "post_entropy": 0.6931471805599453,
      "pre_negativity": 0.5000578927904491,
      "post_negativity": 0.5000000000000001
    }
  ],
  "raw_results": [
    {
      "sep": 4.0,
      "B_pre": 0.0,
      "B_post": 0.5,
      "omega": 1.0,
      "kappa": 0.7,
      "pre": {
        "B": 0.0,
        "E0": 2.6560561689764355,
        "gap": 0.14539367157926808,
        "eigenvalues": [
          2.6560561689764355,
          2.8014498405557036,
          2.8014498405557053,
          2.8014498405557076,
          2.857390904685834,
          3.0168759419956155,
          3.878853235035477,
          3.878853235035486
        ],
        "spin_weights": {
          "singlet": 1.0,
          "triplet_0": 3.0576064531775726e-30,
          "triplet_m": 5.898160473053009e-32,
          "triplet_p": 1.2037063766716055e-35
        },
        "dominant_spin": "singlet",
        "entanglement": {
          "entropy": 0.1775931246430463,
          "purity": 0.9202576839248624,
          "linear_entropy": 0.0797423160751376,
          "negativity": 0.26220986362902077,
          "log_negativity": 0.3041300915281042,
          "schmidt_values": [
            0.9789950867489392,
            0.20205601334836099,
            0.017616098605159582,
            0.013282889794415305,
            0.011546532862343558,
            0.011040560260481235,
            9.099832921519639e-05,
            2.298434496529585e-05,
            1.5835274020628416e-05,
            6.936035355614616e-06
          ],
          "schmidt_probs": [
            0.9584313798785628,
            0.040826632530233026,
            0.00031032693006670533,
            0.00017643516129058225,
            0.0001333224211411797,
            0.00012189397086531745,
            8.280695919957263e-09,
            5.282801134837206e-10,
            2.507559033083892e-10,
            4.8108586454335963e-11
          ],
          "effective_rank": 1.19433927514252
        },
        "partial_transpose": {
          "n_orb_truncated": 10,
          "n_negative_eigenvalues": 45,
          "negativity": 0.26220623985474517,
          "min_eigenvalue": -0.19781036402432878,
          "log_negativity": 0.6082533240350203,
          "negative_eigenvalues": [
            -0.19781036402432878,
            -0.01724608599542058,
            -0.013003892911108157,
            -0.01130400682083777,
            -0.01080865404229971,
            -0.003559412128772769,
            -0.0026838677576669317,
            -0.002333029012641124,
            -0.002230793369816556,
            -0.00023399286674063253,
            -0.00020340500954172216,
            -0.00019449160049641714,
            -0.00015337143525585072,
            -0.00014665054700742,
            -0.00012748019343002985,
            -8.908623646454886e-05,
            -2.0875655038035182e-05,
            -1.8386469292961513e-05,
            -1.5502666269830308e-05,
            -6.7594440618127405e-06
          ]
        },
        "first_excited_spin": "triplet_0"
      },
      "post": {
        "B": 0.5,
        "E0": 2.301449840555712,
        "gap": 0.3546063284207226,
        "eigenvalues": [
          2.301449840555712,
          2.6560561689764346,
          2.801449840555707,
          2.857390904685833,
          3.016875941995619,
          3.3014498405557093,
          3.3788532350354803,
          3.5433603211649727
        ],
        "spin_weights": {
          "singlet": 4.838328857224596e-30,
          "triplet_0": 8.728477768557073e-32,
          "triplet_m": 0.9999999999999996,
          "triplet_p": 5.017452252472675e-32
        },
        "dominant_spin": "triplet_m",
        "entanglement": {
          "entropy": 0.6931471805599453,
          "purity": 0.5,
          "linear_entropy": 0.5,
          "negativity": 0.5000000000000051,
          "log_negativity": 0.5000000000000037,
          "schmidt_values": [
            0.707106781186549,
            0.707106781186546,
            4.45721979358877e-16,
            2.8659880385517057e-16,
            2.194716984712012e-16,
            7.065416064076973e-17,
            7.065416064076973e-17,
            7.065416064076973e-17,
            7.065416064076973e-17,
            7.065416064076973e-17
          ],
          "schmidt_probs": [
            0.5000000000000021,
            0.4999999999999979,
            1.986680828835951e-31,
            8.213887437121453e-32,
            4.816782642983386e-32,
            4.992010415851694e-33,
            4.992010415851694e-33,
            4.992010415851694e-33,
            4.992010415851694e-33,
            4.992010415851694e-33
          ],
          "effective_rank": 2.0
        },
        "partial_transpose": {
          "n_orb_truncated": 10,
          "n_negative_eigenvalues": 1,
          "negativity": 0.4999999999999999,
          "min_eigenvalue": -0.4999999999999999,
          "log_negativity": 1.0000000000000022,
          "negative_eigenvalues": [
            -0.4999999999999999
          ]
        },
        "first_excited_spin": "singlet"
      }
    },
    {
      "sep": 8.0,
      "B_pre": 0.0,
      "B_post": 0.5,
      "omega": 1.0,
      "kappa": 0.7,
      "pre": {
        "B": 0.0,
        "E0": 2.7519597659879023,
        "gap": 0.07664738730190201,
        "eigenvalues": [
          2.7519597659879023,
          2.8286071532898043,
          2.82860715328981,
          2.8286071532898145,
          2.9600433810202764,
          3.031078355491327,
          4.242593369190182,
          4.2425933691901845
        ],
        "spin_weights": {
          "singlet": 0.9999999999999998,
          "triplet_0": 3.99360833268209e-30,
          "triplet_m": 1.2523359463379122e-31,
          "triplet_p": 5.484386443539783e-34
        },
        "dominant_spin": "singlet",
        "entanglement": {
          "entropy": 0.6931470521953501,
          "purity": 0.5000001377176599,
          "linear_entropy": 0.49999986228234006,
          "negativity": 0.5000578928032071,
          "log_negativity": 0.5000417596212658,
          "schmidt_values": [
            0.7072925909179438,
            0.7069209223192539,
            1.0918298674085023e-05,
            1.0866094217167697e-05,
            9.554995710372411e-06,
            9.55486255488472e-06,
            4.659845816731517e-08,
            2.2102998543493852e-08,
            2.1967420395492603e-08,
            8.861049665296816e-12
          ],
          "schmidt_probs": [
            0.5002628091674178,
            0.4997371904127045,
            1.1920924593652675e-10,
            1.1807200353636525e-10,
            9.129794302523518e-11,
            9.129539844273814e-11,
            2.171416303571022e-15,
            4.885425446136913e-16,
            4.825675588323043e-16,
            7.85182011708568e-23
          ],
          "effective_rank": 1.999999743270826
        },