{
  "source": "results/p4_n2_nonmcmc_residual_anneal_s42__stageB_noref_20260423_142619",
  "tau": null,
  "npts": 24,
  "n_grid_per_particle": 576,
  "partition": null,
  "dot_projection_config": {
    "basis": "localized_ho",
    "max_ho_shell": 1
  },
  "system": {
    "n_particles": 2,
    "dim": 2,
    "omega": 1.0,
    "n_wells": 2,
    "well_centers": [
      [
        -2.0,
        0.0
      ],
      [
        2.0,
        0.0
      ]
    ]
  },
  "entanglement": {
    "norm2_before_normalisation": 20.043294434731006,
    "norm_M_squared": 1.0000000000000044,
    "von_neumann_entropy": 0.11899666780009706,
    "purity": 0.9694337482106644,
    "linear_entropy": 0.030566251789335586,
    "n_schmidt_terms": 576,
    "effective_schmidt_rank": 1,
    "negativity": 0.6996580798044154,
    "log_negativity": 1.2626232751164308,
    "schmidt_values_top10": [
      0.99226269548822,
      0.05580078395949808,
      0.04471714386379901,
      0.041977150376925905,
      0.041780425100101194,
      0.04063652961766377,
      0.03639742590194336,
      0.023253986661350014,
      0.02272137211164233,
      0.022496705736894555
    ],
    "schmidt_probs_top10": [
      0.9845852568575479,
      0.003113727490494578,
      0.0019996229553356976,
      0.0017620811537670507,
      0.0017456039215451658,
      0.001651327539367265,
      0.0013247726122874572,
      0.0005407478956462444,
      0.0005162607506357179,
      0.0005061017690124244
    ]
  },
  "dot_projected_entanglement": {
    "projection_basis": "lowdin_localized_ho",
    "projection_basis_config": {
      "projection_basis": "localized_ho",
      "max_ho_shell": 1
    },
    "projected_subspace_weight": 0.9853996809243073,
    "sector_probabilities": {
      "LL": 0.23287720345830645,
      "LR": 0.25322692037427014,
      "RL": 0.25269295737686276,
      "RR": 0.261202918790565
    },
    "projected_sector_probabilities": {
      "LL": 0.22888942551068767,
      "LR": 0.25683274702330505,
      "RL": 0.25657868713951604,
      "RR": 0.2576991403264911
    },
    "region_metadata": {
      "particle_1": {
        "basis_family": "lowdin_localized_ho",
        "max_ho_shell": 1,
        "n_basis_total": 6,
        "overlap_matrix_rank": 6,
        "well_metadata": [
          {
            "well_index": 0,
            "well_center": [
              -2.0,
              0.0
            ],
            "raw_mode_labels": [
              [
                0,
                0
              ],
              [
                0,
                1
              ],
              [
                1,
                0
              ]
            ],
            "n_raw_modes": 3,
            "n_orthonormal_modes": 3,
            "region_measure": 70.00000000000001,
            "region_point_count": 288
          },
          {
            "well_index": 1,
            "well_center": [
              2.0,
              0.0
            ],
            "raw_mode_labels": [
              [
                0,
                0
              ],
              [
                0,
                1
              ],
              [
                1,
                0
              ]
            ],
            "n_raw_modes": 3,
            "n_orthonormal_modes": 3,
            "region_measure": 70.0,
            "region_point_count": 288
          }
        ]
      },
      "particle_2": {
        "basis_family": "lowdin_localized_ho",
        "max_ho_shell": 1,
        "n_basis_total": 6,
        "overlap_matrix_rank": 6,
        "well_metadata": [
          {
            "well_index": 0,
            "well_center": [
              -2.0,
              0.0
            ],
            "raw_mode_labels": [
              [
                0,
                0
              ],
              [
                0,
                1
              ],
              [
                1,
                0
              ]
            ],
            "n_raw_modes": 3,
            "n_orthonormal_modes": 3,
            "region_measure": 70.00000000000001,
            "region_point_count": 288
          },
          {
            "well_index": 1,
            "well_center": [
              2.0,
              0.0
            ],
            "raw_mode_labels": [
              [
                0,
                0
              ],
              [
                0,
                1
              ],
              [
                1,
                0
              ]
            ],
            "n_raw_modes": 3,
            "n_orthonormal_modes": 3,
            "region_measure": 70.0,
            "region_point_count": 288
          }
        ]
      }
    },
    "basis_dimensions": {
      "particle_1": 6,
      "particle_2": 6
    },
    "amplitude_matrix": [
      [
        0.47618329061735476,
        0.0006522451411137344,
        -0.034387716746809065,
        -0.5061435415442413,
        -0.000327719486019311,
        -0.024564882526476192
      ],
      [
        0.000663189883277574,
        -0.018882724183550397,
        0.00012676794360599303,
        -0.0003356467816879611,
        0.00026970247223403755,
        9.101603506411881e-05
      ],
      [
        -0.008322528350241784,
        0.00015032384365698504,
        -0.02301431123908008,
        -0.006886148948080427,
        -0.00013653194474586188,
        -0.000538657911391112
      ],
      [
        0.5061142680571332,
        0.0003157638416950546,
        -0.020514954649437835,
        -0.5057230273412446,
        -0.0005315631472812452,
        -0.030014827461268757
      ],
      [
        0.00033760285556325224,
        -0.00026729002960144347,
        0.00011796584768838203,
        -0.0005452824668841129,
        0.01952946905285428,
        0.0001668501671204441
      ],
      [
        -0.0023793648991599753,
        -0.00010281018533538061,
        0.0004477215534631048,
        -0.0024448674236743745,
        0.00019824523164579006,
        0.025582132535501654
      ]
    ],
    "direct_partial_transpose": {
      "negativity_direct": 0.10631989008730663,
      "log_negativity_direct": 0.2781510553753665,
      "min_eigenvalue": -0.030884529407248184,
      "n_negative_eigenvalues": 15,
      "negative_eigenvalues": [
        -0.030884529407248184,
        -0.025589200803756335,
        -0.019592259927359103,
        -0.018761172259008443,
        -0.0074524657676345325,
        -0.0007922163601113499,
        -0.0006065569989872491,
        -0.0005808273463652705,
        -0.0005025593442380662,
        -0.0004812411872128417,
        -0.0003684602149138001,
        -0.00023072097286536182,
        -0.00019116254699688142,
        -0.0001463627698989894,
        -0.0001401541807102339
      ]
    },
    "dot_label_density_matrix": [
      [
        0.22888942551068767,
        -0.24010819795882932,
        0.24172359488364867,
        -0.24072254855790123
      ],
      [
        -0.24010819795882932,
        0.25683274702330505,
        -0.25564664122956826,
        0.25671442300399366
      ],
      [
        0.24172359488364867,
        -0.25564664122956826,
        0.2565786871395161,
        -0.2553261887631305
      ],
      [
        -0.24072254855790123,
        0.25671442300399366,
        -0.2553261887631305,
        0.25769914032649116
      ]
    ],
    "dot_label_partial_transpose": {
      "negativity": 0.012880222743032804,
      "log_negativity": 0.03669384550436259,
      "min_eigenvalue": -0.012880222743032804,
      "n_negative_eigenvalues": 1,
      "negative_eigenvalues": [
        -0.012880222743032804
      ]
    },
    "von_neumann_entropy": 0.0202368686062183,
    "purity": 0.9951957550498001,
    "linear_entropy": 0.004804244950199932,
    "n_schmidt_terms": 6,
    "effective_schmidt_rank": 1,
    "negativity": 0.10631989008730691,
    "log_negativity": 0.2781510553753673,