{
  "result_dir": "/itf-fi-ml/home/aleksns/Multi-Well-Quantum-Dots/results/p4_n2_nonmcmc_residual_anneal_s42__stageB_noref_20260423_142619",
  "n_samples": 4096,
  "mh_steps_eval": 20,
  "acc_rate": 0.71646728515625,
  "E_mean_fd": 2.3614912395553542,
  "T_mean_fd": 0.9972663779264396,
  "V_total_mean": 1.3642248616289143,
  "V_conf_mean": 1.0166179411774052,
  "V_ee_mean": 0.34760692045150904,
  "occupancy_fraction": [
    0.4658203125,
    0.5341796875
  ]
}
