{
  "dir": "p4_n2_nonmcmc_residual_anneal_s314__stageB_noref_20260423_141646",
  "n_samples": 8192,
  "fd_h_eval": 0.01,
  "E_mean": 2.583123992636489,
  "E_std": 0.6960260807144969,
  "E_stderr": 0.007690074399311187,
  "T_mean": 1.012476949948829,
  "T_stderr": 0.012311085705222853,
  "V_trap_mean": 1.0755670052133526,
  "V_trap_stderr": 0.007909369524923398,
  "V_int_mean": 0.4950800374743073,
  "V_int_stderr": 0.005698169945759833,
  "r_dot_gradV_mean": 1.8694000168716645,
  "r_dot_gradV_stderr": 0.02923532944972441,
  "old_virial_lhs": 2.024953899897658,
  "old_virial_rhs": 1.6560539729523978,
  "old_virial_residual": 0.3688999269452604,
  "old_virial_relative": 0.14281154446974081,
  "new_virial_lhs": 2.024953899897658,
  "new_virial_rhs": 1.8694000168716645,
  "new_virial_residual": 0.1555538830259937,
  "new_virial_relative": 0.06021928620903181
}