{
  "source": "results/p4_n2_nonmcmc_residual_anneal_s314__stageB_noref_20260423_141646",
  "tau": null,
  "npts": 28,
  "n_grid_per_particle": 784,
  "partition": null,
  "dot_projection_config": {
    "basis": "localized_ho",
    "max_ho_shell": 1
  },
  "system": {
    "n_particles": 2,
    "dim": 2,
    "omega": 1.0,
    "n_wells": 2,
    "well_centers": [
      [
        -2.0,
        0.0
      ],
      [
        2.0,
        0.0
      ]
    ]
  },
  "entanglement": {
    "norm2_before_normalisation": 69.57246193133446,
    "norm_M_squared": 1.0000000000000058,
    "von_neumann_entropy": 0.2074956749405155,
    "purity": 0.9367960981660676,
    "linear_entropy": 0.06320390183393243,
    "n_schmidt_terms": 784,
    "effective_schmidt_rank": 2,
    "negativity": 0.9519612504368491,
    "log_negativity": 1.5380029515784563,
    "schmidt_values_top10": [
      0.9837410610785654,
      0.12291692340029976,
      0.05538204986385053,
      0.054994339886138645,
      0.048834507832274276,
      0.0473020433851406,
      0.04311362563159789,
      0.026250725697348046,
      0.025355859780652395,
      0.02452604548996586
    ],
    "schmidt_probs_top10": [
      0.9677464752519818,
      0.015108570058195159,
      0.0030671714471220265,
      0.00302437741951214,
      0.0023848091552204575,
      0.0022374833084097237,
      0.0018587847151015744,
      0.0006891005996374091,
      0.0006429196252161057,
      0.0006015269073758746
    ]
  },
  "dot_projected_entanglement": {
    "projection_basis": "lowdin_localized_ho",
    "projection_basis_config": {
      "projection_basis": "localized_ho",
      "max_ho_shell": 1
    },
    "projected_subspace_weight": 0.9801780696403378,
    "sector_probabilities": {
      "LL": 0.18004468226577738,
      "LR": 0.2947438815408638,
      "RL": 0.2939974293933592,
      "RR": 0.23121400680000512
    },
    "projected_sector_probabilities": {
      "LL": 0.17503448290668314,
      "LR": 0.30076660582659476,
      "RL": 0.29978314283194124,
      "RR": 0.22441576843478095
    },
    "region_metadata": {
      "particle_1": {
        "basis_family": "lowdin_localized_ho",
        "max_ho_shell": 1,
        "n_basis_total": 6,
        "overlap_matrix_rank": 6,
        "well_metadata": [
          {
            "well_index": 0,
            "well_center": [
              -2.0,
              0.0
            ],
            "raw_mode_labels": [
              [
                0,
                0
              ],
              [
                0,
                1
              ],
              [
                1,
                0
              ]
            ],
            "n_raw_modes": 3,
            "n_orthonormal_modes": 3,
            "region_measure": 69.99999999999999,
            "region_point_count": 392
          },
          {
            "well_index": 1,
            "well_center": [
              2.0,
              0.0
            ],
            "raw_mode_labels": [
              [
                0,
                0
              ],
              [
                0,
                1
              ],
              [
                1,
                0
              ]
            ],
            "n_raw_modes": 3,
            "n_orthonormal_modes": 3,
            "region_measure": 69.99999999999999,
            "region_point_count": 392
          }
        ]
      },
      "particle_2": {
        "basis_family": "lowdin_localized_ho",
        "max_ho_shell": 1,
        "n_basis_total": 6,
        "overlap_matrix_rank": 6,
        "well_metadata": [
          {
            "well_index": 0,
            "well_center": [
              -2.0,
              0.0
            ],
            "raw_mode_labels": [
              [
                0,
                0
              ],
              [
                0,
                1
              ],
              [
                1,
                0
              ]
            ],
            "n_raw_modes": 3,
            "n_orthonormal_modes": 3,
            "region_measure": 69.99999999999999,
            "region_point_count": 392
          },
          {
            "well_index": 1,
            "well_center": [
              2.0,
              0.0
            ],
            "raw_mode_labels": [
              [
                0,
                0
              ],
              [
                0,
                1
              ],
              [
                1,
                0
              ]
            ],
            "n_raw_modes": 3,
            "n_orthonormal_modes": 3,
            "region_measure": 69.99999999999999,
            "region_point_count": 392
          }
        ]
      }
    },
    "basis_dimensions": {
      "particle_1": 6,
      "particle_2": 6
    },
    "amplitude_matrix": [
      [
        0.41492587398630254,
        0.0009915766431855188,
        -0.023838895317326404,
        -0.5472289631696683,
        -0.001159821091003714,
        -0.03605489123636085
      ],
      [
        0.000986566924124785,
        -0.032505082295830684,
        -0.00013813035251848785,
        -0.0009807586534778942,
        0.002150517621164262,
        -6.365765570237444e-05
      ],
      [
        0.0025563705346277853,
        -8.204569979520085e-05,
        -0.03517970036882649,
        0.0003838037114243245,
        1.9467931709803332e-05,
        -0.0001702282407587737
      ],
      [
        0.5466245571682635,
        0.0009884298611866269,
        -0.030172466503788894,
        -0.4694110465467885,
        -0.0011038035741081941,
        -0.03469562160234872
      ],
      [
        0.0011512832750102573,
        -0.0022177898241660006,
        -9.046825780198103e-05,
        -0.0010995217365152023,
        0.03714357552526761,
        -0.00014128058504479806
      ],
      [
        0.008193251526837893,
        -4.5612817485410243e-07,
        1.961892899566071e-06,
        -0.006283442558886389,
        -7.699946916942122e-05,
        0.03799567848536172
      ]
    ],
    "direct_partial_transpose": {
      "negativity_direct": 0.26938499072823624,
      "log_negativity_direct": 0.6217775907217531,
      "min_eigenvalue": -0.104743057805152,
      "n_negative_eigenvalues": 15,
      "negative_eigenvalues": [
        -0.104743057805152,
        -0.03812583319013123,
        -0.03769486549683233,
        -0.03467741281081901,
        -0.031378512569911046,
        -0.004059580863202801,
        -0.004013692077201729,
        -0.0036923982940948656,
        -0.0033411364024315457,
        -0.0014609593973913739,
        -0.001344010423049353,
        -0.0013288179662995475,
        -0.0012161532402609875,
        -0.0012024060585524947,
        -0.0011061541329059265
      ]
    },
    "dot_label_density_matrix": [
      [
        0.17503448290668314,
        -0.2262649905049408,
        0.22762304426039662,
        -0.1965059312519603
      ],
      [
        -0.2262649905049408,
        0.30076660582659487,
        -0.29804481957658013,
        0.25819963160773285
      ],
      [
        0.22762304426039662,
        -0.29804481957658013,
        0.2997831428319412,
        -0.25568088097049424
      ],
      [
        -0.1965059312519603,
        0.25819963160773285,
        -0.25568088097049424,
        0.22441576843478092
      ]
    ],
    "dot_label_partial_transpose": {
      "negativity": 0.0998464162583805,
      "log_negativity": 0.26266506772417697,
      "min_eigenvalue": -0.0998464162583805,
      "n_negative_eigenvalues": 1,
      "negative_eigenvalues": [
        -0.0998464162583805
      ]
    },
    "von_neumann_entropy": 0.10049793266023588,
    "purity": 0.9678000679238932,
    "linear_entropy": 0.03219993207610683,
    "n_schmidt_terms": 6,
    "effective_schmidt_rank": 2,
    "negativity": 0.2693849907282361,
    "log_negativity": 0.6217775907217529,