{
  "source": "results/p4_n2_nonmcmc_residual_anneal_s42__stageB_noref_20260423_142619",
  "tau": null,
  "npts": 28,
  "n_grid_per_particle": 784,
  "partition": null,
  "dot_projection_config": {
    "basis": "localized_ho",
    "max_ho_shell": 1
  },
  "system": {
    "n_particles": 2,
    "dim": 2,
    "omega": 1.0,
    "n_wells": 2,
    "well_centers": [
      [
        -2.0,
        0.0
      ],
      [
        2.0,
        0.0
      ]
    ]
  },
  "entanglement": {
    "norm2_before_normalisation": 20.08490771557722,
    "norm_M_squared": 1.0000000000000042,
    "von_neumann_entropy": 0.10472444767858888,
    "purity": 0.9739318449000193,
    "linear_entropy": 0.026068155099980728,
    "n_schmidt_terms": 784,
    "effective_schmidt_rank": 1,
    "negativity": 0.7062578348540351,
    "log_negativity": 1.270538312965882,
    "schmidt_values_top10": [
      0.9934136695107325,
      0.052562562182855044,
      0.04114258206173429,
      0.03721012672987615,
      0.03636229828982274,
      0.03586700702763368,
      0.03330278658300882,
      0.021478435661227004,
      0.02115745294322364,
      0.020776833319933095
    ],
    "schmidt_probs_top10": [
      0.9868707187707789,
      0.0027628229432265033,
      0.0016927120587065401,
      0.0013845935312534435,
      0.001322216736918046,
      0.0012864421931203238,
      0.0011090755941934325,
      0.0004613231984534679,
      0.0004476378150447226,
      0.00043167680280428207
    ]
  },
  "dot_projected_entanglement": {
    "projection_basis": "lowdin_localized_ho",
    "projection_basis_config": {
      "projection_basis": "localized_ho",
      "max_ho_shell": 1
    },
    "projected_subspace_weight": 0.9875795703072864,
    "sector_probabilities": {
      "LL": 0.23332855866756977,
      "LR": 0.25270938731514203,
      "RL": 0.25216847892733074,
      "RR": 0.261793575089962
    },
    "projected_sector_probabilities": {
      "LL": 0.22992170307126955,
      "LR": 0.2557381560639027,
      "RL": 0.25548474941532096,
      "RR": 0.25885539144950687
    },
    "region_metadata": {
      "particle_1": {
        "basis_family": "lowdin_localized_ho",
        "max_ho_shell": 1,
        "n_basis_total": 6,
        "overlap_matrix_rank": 6,
        "well_metadata": [
          {
            "well_index": 0,
            "well_center": [
              -2.0,
              0.0
            ],
            "raw_mode_labels": [
              [
                0,
                0
              ],
              [
                0,
                1
              ],
              [
                1,
                0
              ]
            ],
            "n_raw_modes": 3,
            "n_orthonormal_modes": 3,
            "region_measure": 69.99999999999999,
            "region_point_count": 392
          },
          {
            "well_index": 1,
            "well_center": [
              2.0,
              0.0
            ],
            "raw_mode_labels": [
              [
                0,
                0
              ],
              [
                0,
                1
              ],
              [
                1,
                0
              ]
            ],
            "n_raw_modes": 3,
            "n_orthonormal_modes": 3,
            "region_measure": 69.99999999999999,
            "region_point_count": 392
          }
        ]
      },
      "particle_2": {
        "basis_family": "lowdin_localized_ho",
        "max_ho_shell": 1,
        "n_basis_total": 6,
        "overlap_matrix_rank": 6,
        "well_metadata": [
          {
            "well_index": 0,
            "well_center": [
              -2.0,
              0.0
            ],
            "raw_mode_labels": [
              [
                0,
                0
              ],
              [
                0,
                1
              ],
              [
                1,
                0
              ]
            ],
            "n_raw_modes": 3,
            "n_orthonormal_modes": 3,
            "region_measure": 69.99999999999999,
            "region_point_count": 392
          },
          {
            "well_index": 1,
            "well_center": [
              2.0,
              0.0
            ],
            "raw_mode_labels": [
              [
                0,
                0
              ],
              [
                0,
                1
              ],
              [
                1,
                0
              ]
            ],
            "n_raw_modes": 3,
            "n_orthonormal_modes": 3,
            "region_measure": 69.99999999999999,
            "region_point_count": 392
          }
        ]
      }
    },
    "basis_dimensions": {
      "particle_1": 6,
      "particle_2": 6
    },
    "amplitude_matrix": [
      [
        0.47734788292468605,
        0.0006547508934286141,
        -0.0346057665081204,
        -0.5050639761463266,
        -0.0003270525271049793,
        -0.024506342889061974
      ],
      [
        0.000665674367021767,
        -0.01773455830731493,
        0.00012639081126733149,
        -0.00033489324057269643,
        0.00026982231612309094,
        9.091917517429215e-05
      ],
      [
        -0.008597372360837734,
        0.00014990302370957657,
        -0.021767016939849573,
        -0.006881763867257749,
        -0.00013619422154213467,
        -0.0005457209559903837
      ],
      [
        0.5050343754117527,
        0.00031504492857380254,
        -0.020464861615907808,
        -0.506962368848779,
        -0.0005333768977534297,
        -0.030288814332478983
      ],
      [
        0.00033687663634026385,
        -0.0002665597359879957,
        0.00011772860971349029,
        -0.0005470669530627132,
        0.01831934362727465,
        0.00016596446108970434
      ],
      [
        -0.002391447530838956,
        -0.00010253943717029357,
        0.00043739901817253156,
        -0.0027781607196933436,
        0.00019730189652052745,
        0.02414889177060657
      ]
    ],
    "direct_partial_transpose": {
      "negativity_direct": 0.09845401453585155,
      "log_negativity_direct": 0.25931229923224697,
      "min_eigenvalue": -0.02953937977363212,
      "n_negative_eigenvalues": 15,
      "negative_eigenvalues": [
        -0.02953937977363212,
        -0.02418550847027092,
        -0.01839262764772088,
        -0.01760951898613915,
        -0.005273866012230374,
        -0.0007159558363503542,
        -0.0005444710466348382,
        -0.0005212889325418059,
        -0.00044578827352223055,
        -0.0004268078067333942,
        -0.00032457936851058936,
        -0.00015612056104702719,
        -0.00012782445604888652,
        -9.720811234006949e-05,
        -9.306925212891254e-05
      ]
    },
    "dot_label_density_matrix": [
      [
        0.22992170307126952,
        -0.24017734634318216,
        0.24180148877687152,
        -0.24177655862253875
      ],
      [
        -0.24017734634318216,
        0.25573815606390266,
        -0.2545571952493488,
        0.25680192676380303
      ],
      [
        0.24180148877687152,
        -0.2545571952493488,
        0.25548474941532096,
        -0.25540159661146034
      ],
      [
        -0.24177655862253875,
        0.25680192676380303,
        -0.25540159661146034,
        0.25885539144950687
      ]
    ],
    "dot_label_partial_transpose": {
      "negativity": 0.010714764906808486,
      "log_negativity": 0.030589673483342673,
      "min_eigenvalue": -0.010714764906808486,
      "n_negative_eigenvalues": 1,
      "negative_eigenvalues": [
        -0.010714764906808486
      ]
    },
    "von_neumann_entropy": 0.01816684693441011,
    "purity": 0.9957293255953749,
    "linear_entropy": 0.004270674404625141,
    "n_schmidt_terms": 6,
    "effective_schmidt_rank": 1,
    "negativity": 0.09845401453585179,
    "log_negativity": 0.2593122992322475,