{
  "dir": "p4_n2_nonmcmc_residual_anneal_s42__stageB_noref_20260423_142619",
  "n_samples": 8192,
  "fd_h_eval": 0.01,
  "E_mean": 2.6400229100590584,
  "E_std": 0.5645792206239263,
  "E_stderr": 0.0062377780534405335,
  "T_mean": 1.0492639485078206,
  "T_stderr": 0.010424275602205834,
  "V_trap_mean": 1.0157736937735178,
  "V_trap_stderr": 0.007572407907144973,
  "V_int_mean": 0.5749852677777201,
  "V_int_stderr": 0.0071160229681083665,
  "r_dot_gradV_mean": 1.5578303881974278,
  "r_dot_gradV_stderr": 0.028733909692650016,
  "old_virial_lhs": 2.098527897015641,
  "old_virial_rhs": 1.4565621197693155,
  "old_virial_residual": 0.6419657772463256,
  "old_virial_relative": 0.2431667448037277,
  "new_virial_lhs": 2.098527897015641,
  "new_virial_rhs": 1.5578303881974278,
  "new_virial_residual": 0.5406975088182133,
  "new_virial_relative": 0.20480788509752657
}