{
  "source": "/itf-fi-ml/home/aleksns/Multi-Well-Quantum-Dots/results/imag_time_pinn/quench_single_fast_B0p50_p4_n2_nonmcmc_residual_anneal_s42__stageA_singlet_self_residual_20260423_181245_checkpoint.pt",
  "tau": 1.0,
  "npts": 24,
  "n_grid_per_particle": 576,
  "partition": null,
  "dot_projection_config": {
    "basis": "localized_ho",
    "max_ho_shell": 1
  },
  "system": {
    "n_particles": 2,
    "dim": 2,
    "omega": 1.0,
    "n_wells": 2,
    "well_centers": [
      [
        -2.0,
        0.0
      ],
      [
        2.0,
        0.0
      ]
    ]
  },
  "entanglement": {
    "norm2_before_normalisation": 94.12816869717506,
    "norm_M_squared": 1.0000000000000053,
    "von_neumann_entropy": 0.6878337881954174,
    "purity": 0.5082138750497746,
    "linear_entropy": 0.49178612495022545,
    "n_schmidt_terms": 576,
    "effective_schmidt_rank": 2,
    "negativity": 0.5737280414375425,
    "log_negativity": 1.1026286274446744,
    "schmidt_values_top10": [
      0.751766565839894,
      0.6591885946749835,
      0.009742264488388473,
      0.009038524881073954,
      0.00663445900720271,
      0.005778383627880391,
      0.005376691157429094,
      0.004007639333099994,
      0.002733303437843719,
      0.0020852413912117334
    ],
    "schmidt_probs_top10": [
      0.5651529695147076,
      0.43452960334957963,
      9.49117173617151e-05,
      8.169493202579294e-05,
      4.4016046318253174e-05,
      3.3389717350956145e-05,
      2.8908807802376214e-05,
      1.6061173024210164e-05,
      7.470947683328293e-06,
      4.348231659622645e-06
    ]
  },
  "dot_projected_entanglement": {
    "projection_basis": "lowdin_localized_ho",
    "projection_basis_config": {
      "projection_basis": "localized_ho",
      "max_ho_shell": 1
    },
    "projected_subspace_weight": 0.9927851280774236,
    "sector_probabilities": {
      "LL": 0.000124380516541867,
      "LR": 0.43318854822010755,
      "RL": 0.5580712694988976,
      "RR": 0.00861580176445814
    },
    "projected_sector_probabilities": {
      "LL": 0.00024085070001008587,
      "LR": 0.4350013752170649,
      "RL": 0.5602201142281988,
      "RR": 0.004537659854726116
    },
    "region_metadata": {
      "particle_1": {
        "basis_family": "lowdin_localized_ho",
        "max_ho_shell": 1,
        "n_basis_total": 6,
        "overlap_matrix_rank": 6,
        "well_metadata": [
          {
            "well_index": 0,
            "well_center": [
              -2.0,
              0.0
            ],
            "raw_mode_labels": [
              [
                0,
                0
              ],
              [
                0,
                1
              ],
              [
                1,
                0
              ]
            ],
            "n_raw_modes": 3,
            "n_orthonormal_modes": 3,
            "region_measure": 70.00000000000001,
            "region_point_count": 288
          },
          {
            "well_index": 1,
            "well_center": [
              2.0,
              0.0
            ],
            "raw_mode_labels": [
              [
                0,
                0
              ],
              [
                0,
                1
              ],
              [
                1,
                0
              ]
            ],
            "n_raw_modes": 3,
            "n_orthonormal_modes": 3,
            "region_measure": 70.0,
            "region_point_count": 288
          }
        ]
      },
      "particle_2": {
        "basis_family": "lowdin_localized_ho",
        "max_ho_shell": 1,
        "n_basis_total": 6,
        "overlap_matrix_rank": 6,
        "well_metadata": [
          {
            "well_index": 0,
            "well_center": [
              -2.0,
              0.0
            ],
            "raw_mode_labels": [
              [
                0,
                0
              ],
              [
                0,
                1
              ],
              [
                1,
                0
              ]
            ],
            "n_raw_modes": 3,
            "n_orthonormal_modes": 3,
            "region_measure": 70.00000000000001,
            "region_point_count": 288
          },
          {
            "well_index": 1,
            "well_center": [
              2.0,
              0.0
            ],
            "raw_mode_labels": [
              [
                0,
                0
              ],
              [
                0,
                1
              ],
              [
                1,
                0
              ]
            ],
            "n_raw_modes": 3,
            "n_orthonormal_modes": 3,
            "region_measure": 70.0,
            "region_point_count": 288
          }
        ]
      }
    },
    "basis_dimensions": {
      "particle_1": 6,
      "particle_2": 6
    },
    "amplitude_matrix": [
      [
        0.005875506930716006,
        5.738830215148132e-05,
        0.009722549145743579,
        0.6353464882688935,
        -0.0009432572356593402,
        0.12918921029255317
      ],
      [
        5.577995481669944e-07,
        -7.052152272199472e-05,
        9.418709399490154e-05,
        0.0002972184455412412,
        -0.004873291441468118,
        -0.0004119458981319386
      ],
      [
        0.009862863189621677,
        -1.892443194286661e-05,
        0.003808883008477655,
        0.11757805149606586,
        -0.00043623187687304664,
        0.028225480893348275
      ],
      [
        0.7073577064401495,
        -0.009474697660553474,
        0.1849748453089095,
        0.0339239469479886,
        -0.000434229547675862,
        -0.03987162356796336
      ],
      [
        0.012542432081831678,
        -0.0074497850092555004,
        0.0020476981731471257,
        -0.00012092996138538998,
        -0.0012705762613739117,
        -7.645381481434295e-05
      ],
      [
        0.15342123507437536,
        -0.005689237393087747,
        0.04209843600699177,
        -0.03705578990268481,
        5.55358971781813e-05,
        -0.02054559013816844
      ]
    ],
    "direct_partial_transpose": {
      "negativity_direct": 0.5251951954630178,
      "log_negativity_direct": 1.0358986226243756,
      "min_eigenvalue": -0.49564791228407357,
      "n_negative_eigenvalues": 15,
      "negative_eigenvalues": [
        -0.49564791228407357,
        -0.006188744485236613,
        -0.0054264464465038345,
        -0.004283906728644251,
        -0.0037562369072208753,
        -0.003622952450556309,
        -0.0031766956121830714,
        -0.0015660635664391947,
        -0.0013731638291701325,
        -4.690101555695374e-05,
        -3.9664763966374034e-05,
        -2.745632004213834e-05,
        -1.714555809575253e-05,
        -1.1868315434244722e-05,
        -1.0037179894481238e-05
      ]
    },
    "dot_label_density_matrix": [
      [
        0.00024085070001008587,
        0.00625645409323151,
        0.0076283219622983066,
        -0.0006320090057463482
      ],
      [
        0.00625645409323151,
        0.43500137521706495,
        0.4925918155841132,
        0.011472193068779635
      ],
      [
        0.0076283219622983066,
        0.4925918155841132,
        0.5602201142281988,
        0.010082626086240859
      ],
      [
        -0.0006320090057463482,
        0.011472193068779635,
        0.010082626086240859,
        0.004537659854726115
      ]
    ],
    "dot_label_partial_transpose": {
      "negativity": 0.49022452012803014,
      "log_negativity": 0.9858275791442054,
      "min_eigenvalue": -0.49022452012803014,
      "n_negative_eigenvalues": 1,
      "negative_eigenvalues": [
        -0.49022452012803014
      ]
    },
    "von_neumann_entropy": 0.6859095997349279,
    "purity": 0.5084107572412965,
    "linear_entropy": 0.4915892427587035,
    "n_schmidt_terms": 6,
    "effective_schmidt_rank": 2,
    "negativity": 0.5251951954630183,
    "log_negativity": 1.035898622624376,