{
  "source": "results/p4_n2_nonmcmc_residual_anneal_s901__stageB_noref_20260423_142743",
  "tau": null,
  "npts": 28,
  "n_grid_per_particle": 784,
  "partition": null,
  "dot_projection_config": {
    "basis": "localized_ho",
    "max_ho_shell": 1
  },
  "system": {
    "n_particles": 2,
    "dim": 2,
    "omega": 1.0,
    "n_wells": 2,
    "well_centers": [
      [
        -2.0,
        0.0
      ],
      [
        2.0,
        0.0
      ]
    ]
  },
  "entanglement": {
    "norm2_before_normalisation": 61.17481233326178,
    "norm_M_squared": 1.0000000000000058,
    "von_neumann_entropy": 0.17030367475383057,
    "purity": 0.9514236749001115,
    "linear_entropy": 0.04857632509988852,
    "n_schmidt_terms": 784,
    "effective_schmidt_rank": 2,
    "negativity": 0.8818476205187993,
    "log_negativity": 1.4665985352324047,
    "schmidt_values_top10": [
      0.9875971056390804,
      0.09883232524590484,
      0.050252560407815984,
      0.049013470578588715,
      0.04510812749464477,
      0.044076402201155905,
      0.04101004429229911,
      0.024764041847529138,
      0.024104544612212973,
      0.02280172812509419
    ],
    "schmidt_probs_top10": [
      0.975348043066689,
      0.009767828513512319,
      0.0025253198275411947,
      0.0024023202981581816,
      0.0020347431660731274,
      0.0019427292309980612,
      0.001681823732856335,
      0.0006132577686261744,
      0.0005810290709621654,
      0.0005199188054907113
    ]
  },
  "dot_projected_entanglement": {
    "projection_basis": "lowdin_localized_ho",
    "projection_basis_config": {
      "projection_basis": "localized_ho",
      "max_ho_shell": 1
    },
    "projected_subspace_weight": 0.9801979883193477,
    "sector_probabilities": {
      "LL": 0.21336824529509504,
      "LR": 0.2771562061548231,
      "RL": 0.276654272291097,
      "RR": 0.23282127625899052
    },
    "projected_sector_probabilities": {
      "LL": 0.2080485697984205,
      "LR": 0.2826808161683117,
      "RL": 0.28229089883320735,
      "RR": 0.22697971520006022
    },
    "region_metadata": {
      "particle_1": {
        "basis_family": "lowdin_localized_ho",
        "max_ho_shell": 1,
        "n_basis_total": 6,
        "overlap_matrix_rank": 6,
        "well_metadata": [
          {
            "well_index": 0,
            "well_center": [
              -2.0,
              0.0
            ],
            "raw_mode_labels": [
              [
                0,
                0
              ],
              [
                0,
                1
              ],
              [
                1,
                0
              ]
            ],
            "n_raw_modes": 3,
            "n_orthonormal_modes": 3,
            "region_measure": 69.99999999999999,
            "region_point_count": 392
          },
          {
            "well_index": 1,
            "well_center": [
              2.0,
              0.0
            ],
            "raw_mode_labels": [
              [
                0,
                0
              ],
              [
                0,
                1
              ],
              [
                1,
                0
              ]
            ],
            "n_raw_modes": 3,
            "n_orthonormal_modes": 3,
            "region_measure": 69.99999999999999,
            "region_point_count": 392
          }
        ]
      },
      "particle_2": {
        "basis_family": "lowdin_localized_ho",
        "max_ho_shell": 1,
        "n_basis_total": 6,
        "overlap_matrix_rank": 6,
        "well_metadata": [
          {
            "well_index": 0,
            "well_center": [
              -2.0,
              0.0
            ],
            "raw_mode_labels": [
              [
                0,
                0
              ],
              [
                0,
                1
              ],
              [
                1,
                0
              ]
            ],
            "n_raw_modes": 3,
            "n_orthonormal_modes": 3,
            "region_measure": 69.99999999999999,
            "region_point_count": 392
          },
          {
            "well_index": 1,
            "well_center": [
              2.0,
              0.0
            ],
            "raw_mode_labels": [
              [
                0,
                0
              ],
              [
                0,
                1
              ],
              [
                1,
                0
              ]
            ],
            "n_raw_modes": 3,
            "n_orthonormal_modes": 3,
            "region_measure": 69.99999999999999,
            "region_point_count": 392
          }
        ]
      }
    },
    "basis_dimensions": {
      "particle_1": 6,
      "particle_2": 6
    },
    "amplitude_matrix": [
      [
        0.4514629765285678,
        0.00038059053025305483,
        -0.04713215511977556,
        -0.5305566681842179,
        0.0004264145644015794,
        -0.03439321210635917
      ],
      [
        0.0003791292026697425,
        -0.028249994565480586,
        -3.4476218041186926e-05,
        0.0003339672518652902,
        0.0009808067503747405,
        0.00022101456347130307
      ],
      [
        -0.02105728801483208,
        -3.5854414091706656e-05,
        -0.02768660221857873,
        0.0010142181928849447,
        -2.39320979893596e-05,
        -0.0022828864333202265
      ],
      [
        0.530402546383119,
        -0.0003230287114118195,
        -0.030393097295548625,
        -0.47196656286081956,
        -0.00024200633576276128,
        -0.04438082925944718
      ],
      [
        -0.0004433623635689728,
        -0.0010156928051253138,
        2.6872614829526676e-05,
        -0.00024618291808902376,
        0.031047534959658413,
        -0.0003035258372612683
      ],
      [
        0.005772278856537929,
        -0.0002198121728493415,
        0.0023656855157374343,
        -0.017066820876542717,
        -0.0003146802669468727,
        0.03165572000515653
      ]
    ],
    "direct_partial_transpose": {
      "negativity_direct": 0.20181401452885703,
      "log_negativity_direct": 0.4891606623275072,
      "min_eigenvalue": -0.07344309189388087,
      "n_negative_eigenvalues": 15,
      "negative_eigenvalues": [
        -0.07344309189388087,
        -0.03410655168728522,
        -0.031217476338463904,
        -0.027811979215156872,
        -0.02176785433964777,
        -0.0025272758953290573,
        -0.002313197070949161,
        -0.0020608516896201013,
        -0.0016129855070084595,
        -0.0010742354853088413,
        -0.0009570477339573264,
        -0.0008759787639490834,
        -0.0007490612411187043,
        -0.0006856102541553925,
        -0.0006108174130262443
      ]
    },
    "dot_label_density_matrix": [
      [
        0.20804856979842049,
        -0.23789124338443005,
        0.24073096743023392,
        -0.21237797991436852
      ],
      [
        -0.23789124338443005,
        0.2826808161683117,
        -0.2803641086159476,
        0.2518720371331461
      ],
      [
        0.24073096743023392,
        -0.2803641086159476,
        0.2822908988332073,
        -0.24903830927893497
      ],
      [
        -0.21237797991436852,
        0.2518720371331461,
        -0.24903830927893497,
        0.22697971520006024
      ]
    ],
    "dot_label_partial_transpose": {
      "negativity": 0.06313350182539346,
      "log_negativity": 0.17154888707986973,
      "min_eigenvalue": -0.06313350182539346,
      "n_negative_eigenvalues": 1,
      "negative_eigenvalues": [
        -0.06313350182539346
      ]
    },
    "von_neumann_entropy": 0.061158609441872486,
    "purity": 0.9823963010730491,
    "linear_entropy": 0.017603698926950906,
    "n_schmidt_terms": 6,
    "effective_schmidt_rank": 1,
    "negativity": 0.20181401452885728,
    "log_negativity": 0.4891606623275076,