{
  "source": "/itf-fi-ml/home/aleksns/Multi-Well-Quantum-Dots/results/imag_time_pinn/quench_single_fast_B0p50_p4_n2_nonmcmc_residual_anneal_s42__stageB_noref_20260423_142619_checkpoint.pt",
  "tau": 1.0,
  "npts": 24,
  "n_grid_per_particle": 576,
  "partition": null,
  "dot_projection_config": {
    "basis": "localized_ho",
    "max_ho_shell": 1
  },
  "system": {
    "n_particles": 2,
    "dim": 2,
    "omega": 1.0,
    "n_wells": 2,
    "well_centers": [
      [
        -2.0,
        0.0
      ],
      [
        2.0,
        0.0
      ]
    ]
  },
  "entanglement": {
    "norm2_before_normalisation": 72.51442657198031,
    "norm_M_squared": 1.0000000000000033,
    "von_neumann_entropy": 0.17029642965682867,
    "purity": 0.9491585733328911,
    "linear_entropy": 0.05084142666710889,
    "n_schmidt_terms": 576,
    "effective_schmidt_rank": 1,
    "negativity": 0.6707734562323371,
    "log_negativity": 1.2274619424581417,
    "schmidt_values_top10": [
      0.9870062186901796,
      0.08549675771557896,
      0.08331203136465311,
      0.06594052991482831,
      0.04601004525321947,
      0.03791905248376328,
      0.033246252868938626,
      0.02880450331864612,
      0.020623346068217998,
      0.01858630657294274
    ],
    "schmidt_probs_top10": [
      0.9741812757330865,
      0.007309695579876411,
      0.006940894570104943,
      0.004348153485448367,
      0.002116924264203304,
      0.0014378545412663942,
      0.00110531332982541,
      0.0008296994114338952,
      0.00042532240304948274,
      0.00034545079202341443
    ]
  },
  "dot_projected_entanglement": {
    "projection_basis": "lowdin_localized_ho",
    "projection_basis_config": {
      "projection_basis": "localized_ho",
      "max_ho_shell": 1
    },
    "projected_subspace_weight": 0.9714901107742421,
    "sector_probabilities": {
      "LL": 0.0012304020275189554,
      "LR": 0.044252272587879685,
      "RL": 0.052021762909783505,
      "RR": 0.9024955624748215
    },
    "projected_sector_probabilities": {
      "LL": 0.0012000304913197004,
      "LR": 0.04634923441623394,
      "RL": 0.052009360599138695,
      "RR": 0.9004413744933075
    },
    "region_metadata": {
      "particle_1": {
        "basis_family": "lowdin_localized_ho",
        "max_ho_shell": 1,
        "n_basis_total": 6,
        "overlap_matrix_rank": 6,
        "well_metadata": [
          {
            "well_index": 0,
            "well_center": [
              -2.0,
              0.0
            ],
            "raw_mode_labels": [
              [
                0,
                0
              ],
              [
                0,
                1
              ],
              [
                1,
                0
              ]
            ],
            "n_raw_modes": 3,
            "n_orthonormal_modes": 3,
            "region_measure": 70.00000000000001,
            "region_point_count": 288
          },
          {
            "well_index": 1,
            "well_center": [
              2.0,
              0.0
            ],
            "raw_mode_labels": [
              [
                0,
                0
              ],
              [
                0,
                1
              ],
              [
                1,
                0
              ]
            ],
            "n_raw_modes": 3,
            "n_orthonormal_modes": 3,
            "region_measure": 70.0,
            "region_point_count": 288
          }
        ]
      },
      "particle_2": {
        "basis_family": "lowdin_localized_ho",
        "max_ho_shell": 1,
        "n_basis_total": 6,
        "overlap_matrix_rank": 6,
        "well_metadata": [
          {
            "well_index": 0,
            "well_center": [
              -2.0,
              0.0
            ],
            "raw_mode_labels": [
              [
                0,
                0
              ],
              [
                0,
                1
              ],
              [
                1,
                0
              ]
            ],
            "n_raw_modes": 3,
            "n_orthonormal_modes": 3,
            "region_measure": 70.00000000000001,
            "region_point_count": 288
          },
          {
            "well_index": 1,
            "well_center": [
              2.0,
              0.0
            ],
            "raw_mode_labels": [
              [
                0,
                0
              ],
              [
                0,
                1
              ],
              [
                1,
                0
              ]
            ],
            "n_raw_modes": 3,
            "n_orthonormal_modes": 3,
            "region_measure": 70.0,
            "region_point_count": 288
          }
        ]
      }
    },
    "basis_dimensions": {
      "particle_1": 6,
      "particle_2": 6
    },
    "amplitude_matrix": [
      [
        0.03217571870819121,
        0.000768696124878332,
        0.006892254363490279,
        -0.20417717026649315,
        0.00017476461447155756,
        -0.04170480822742389
      ],
      [
        0.0008877791742216828,
        -0.0013813361495818753,
        0.0006027490101838921,
        -6.747493656644946e-05,
        0.0014280368402724123,
        -1.167669245899317e-05
      ],
      [
        0.010651914170928086,
        0.0003476761992155259,
        0.0001259005706107634,
        -0.053156093460026,
        0.0006815269244143217,
        -0.009670432096634759
      ],
      [
        0.2199755323151529,
        0.0017568211982960462,
        0.04233698538652959,
        -0.9200192251760021,
        0.0017666245256916769,
        -0.17020016622343861
      ],
      [
        0.0018167404894896895,
        -0.0017366504741549139,
        0.001409702245391276,
        0.00048762275786427633,
        0.047489660912763756,
        -0.0005893286712176402
      ],
      [
        0.04114776115431344,
        0.0005874018836965495,
        0.011082958954188106,
        -0.15000516719538848,
        -0.0007155774822798959,
        0.016639322127415014
      ]
    ],
    "direct_partial_transpose": {
      "negativity_direct": 0.11445803541435604,
      "log_negativity_direct": 0.2973863898083381,
      "min_eigenvalue": -0.0476016975798204,
      "n_negative_eigenvalues": 15,
      "negative_eigenvalues": [
        -0.0476016975798204,
        -0.04452156733711589,
        -0.015113463966778698,
        -0.002147032425868596,
        -0.0021288881377628565,
        -0.001185268959447051,
        -0.0007226806261278949,
        -0.0006759186288562462,
        -0.00010266466650229439,
        -9.602161467374556e-05,
        -5.667601521570566e-05,
        -5.300871935489978e-05,
        -3.25958698267464e-05,
        -1.799454551601054e-05,
        -2.5563214890159423e-06
      ]
    },
    "dot_label_density_matrix": [
      [
        0.0012000304913197004,
        -0.007426087250026219,
        0.007815782040107608,
        -0.03243550219284831
      ],
      [
        -0.007426087250026219,
        0.04634923441623393,
        -0.04897598049761771,
        0.20282547855453345
      ],
      [
        0.007815782040107608,
        -0.04897598049761771,
        0.052009360599138695,
        -0.21565517914018703
      ],
      [
        -0.03243550219284831,
        0.20282547855453345,
        -0.21565517914018703,
        0.9004413744933075
      ]
    ],
    "dot_label_partial_transpose": {
      "negativity": 0.015735310204812204,
      "log_negativity": 0.04470272922927014,
      "min_eigenvalue": -0.015735310204812204,
      "n_negative_eigenvalues": 1,
      "negative_eigenvalues": [
        -0.015735310204812204
      ]
    },
    "von_neumann_entropy": 0.03272534825516045,
    "purity": 0.9910238771049107,
    "linear_entropy": 0.008976122895089311,
    "n_schmidt_terms": 6,
    "effective_schmidt_rank": 1,
    "negativity": 0.11445803541435617,
    "log_negativity": 0.29738638980833837,