{
  "source": "/itf-fi-ml/home/aleksns/Multi-Well-Quantum-Dots/results/imag_time_pinn/quench_single_fast_B0p50_p4_n2_nonmcmc_residual_anneal_s314__stageB_noref_20260423_141646_checkpoint.pt",
  "tau": 1.0,
  "npts": 24,
  "n_grid_per_particle": 576,
  "partition": null,
  "dot_projection_config": {
    "basis": "localized_ho",
    "max_ho_shell": 1
  },
  "system": {
    "n_particles": 2,
    "dim": 2,
    "omega": 1.0,
    "n_wells": 2,
    "well_centers": [
      [
        -2.0,
        0.0
      ],
      [
        2.0,
        0.0
      ]
    ]
  },
  "entanglement": {
    "norm2_before_normalisation": 270.34520367007775,
    "norm_M_squared": 1.0000000000000029,
    "von_neumann_entropy": 0.27040130252189754,
    "purity": 0.9110233823662169,
    "linear_entropy": 0.08897661763378306,
    "n_schmidt_terms": 576,
    "effective_schmidt_rank": 4,
    "negativity": 0.8960848445913381,
    "log_negativity": 1.4813866214556055,
    "schmidt_values_top10": [
      0.9768539388528865,
      0.11465683293762702,
      0.11137224083752514,
      0.0989864401537742,
      0.05758893779018743,
      0.04748773935939559,
      0.03615341141457959,
      0.03185758358680686,
      0.026975977082641774,
      0.021786533977879437
    ],
    "schmidt_probs_top10": [
      0.954243617852399,
      0.013146189339286912,
      0.012403776029171703,
      0.00979831533431672,
      0.0033164857558020777,
      0.002255085389465889,
      0.0013070691569118536,
      0.001014905631990386,
      0.0007277033395632141,
      0.0004746530627692952
    ]
  },
  "dot_projected_entanglement": {
    "projection_basis": "lowdin_localized_ho",
    "projection_basis_config": {
      "projection_basis": "localized_ho",
      "max_ho_shell": 1
    },
    "projected_subspace_weight": 0.9480352297626359,
    "sector_probabilities": {
      "LL": 0.001313324617989047,
      "LR": 0.04913359667802938,
      "RL": 0.06787398664543749,
      "RR": 0.8816790920585469
    },
    "projected_sector_probabilities": {
      "LL": 0.0012855143455183416,
      "LR": 0.0530472733642889,
      "RL": 0.06907542657115646,
      "RR": 0.8765917857190363
    },
    "region_metadata": {
      "particle_1": {
        "basis_family": "lowdin_localized_ho",
        "max_ho_shell": 1,
        "n_basis_total": 6,
        "overlap_matrix_rank": 6,
        "well_metadata": [
          {
            "well_index": 0,
            "well_center": [
              -2.0,
              0.0
            ],
            "raw_mode_labels": [
              [
                0,
                0
              ],
              [
                0,
                1
              ],
              [
                1,
                0
              ]
            ],
            "n_raw_modes": 3,
            "n_orthonormal_modes": 3,
            "region_measure": 70.00000000000001,
            "region_point_count": 288
          },
          {
            "well_index": 1,
            "well_center": [
              2.0,
              0.0
            ],
            "raw_mode_labels": [
              [
                0,
                0
              ],
              [
                0,
                1
              ],
              [
                1,
                0
              ]
            ],
            "n_raw_modes": 3,
            "n_orthonormal_modes": 3,
            "region_measure": 70.0,
            "region_point_count": 288
          }
        ]
      },
      "particle_2": {
        "basis_family": "lowdin_localized_ho",
        "max_ho_shell": 1,
        "n_basis_total": 6,
        "overlap_matrix_rank": 6,
        "well_metadata": [
          {
            "well_index": 0,
            "well_center": [
              -2.0,
              0.0
            ],
            "raw_mode_labels": [
              [
                0,
                0
              ],
              [
                0,
                1
              ],
              [
                1,
                0
              ]
            ],
            "n_raw_modes": 3,
            "n_orthonormal_modes": 3,
            "region_measure": 70.00000000000001,
            "region_point_count": 288
          },
          {
            "well_index": 1,
            "well_center": [
              2.0,
              0.0
            ],
            "raw_mode_labels": [
              [
                0,
                0
              ],
              [
                0,
                1
              ],
              [
                1,
                0
              ]
            ],
            "n_raw_modes": 3,
            "n_orthonormal_modes": 3,
            "region_measure": 70.0,
            "region_point_count": 288
          }
        ]
      }
    },
    "basis_dimensions": {
      "particle_1": 6,
      "particle_2": 6
    },
    "amplitude_matrix": [
      [
        0.03274431658001318,
        0.0023977812710454563,
        0.007384222342629881,
        -0.21769317274763217,
        -0.0002506847546209633,
        -0.04672471506816448
      ],
      [
        -0.0004249711104612458,
        -0.002800156060559078,
        -0.00013761803990550614,
        0.00024896256604867563,
        0.0008221543318141584,
        5.1923707247797644e-05
      ],
      [
        0.011980311987884911,
        0.0007394007613446201,
        -0.0009659092353783422,
        -0.05776414853813362,
        -4.733337556852124e-05,
        -0.011672803834174955
      ],
      [
        0.2512601286766169,
        0.014970095243640144,
        0.04976407859934243,
        -0.8977989691709358,
        -0.004972026161621998,
        -0.19470455208749396
      ],
      [
        -0.001982214196618446,
        -0.0024900297369184984,
        -0.00029454881940025354,
        -0.004342230646759868,
        0.07447920926345386,
        -0.002207093901098329
      ],
      [
        0.054556126803270856,
        0.004841268103299895,
        0.015270298270812308,
        -0.15998946692256852,
        -0.0024973898266735764,
        0.03795349393397747
      ]
    ],
    "direct_partial_transpose": {
      "negativity_direct": 0.18870738022132572,
      "log_negativity_direct": 0.4619630422144644,
      "min_eigenvalue": -0.07523600100118782,
      "n_negative_eigenvalues": 15,
      "negative_eigenvalues": [
        -0.07523600100118782,
        -0.07067962191348785,
        -0.02632036200772429,
        -0.0053795170133453295,
        -0.0033990558538975987,
        -0.002730235483944505,
        -0.0020032766359625986,
        -0.0018819558899166539,
        -0.0002587065168194384,
        -0.00024303895145977056,
        -0.00020780173745546881,
        -0.00019521702430844021,
        -9.05051981210333e-05,
        -7.269680582276154e-05,
        -9.388187872142955e-06
      ]
    },
    "dot_label_density_matrix": [
      [
        0.0012855143455183416,
        -0.008157048696405914,
        0.009280989958383397,
        -0.03300911148812933
      ],
      [
        -0.008157048696405914,
        0.0530472733642889,
        -0.060359000306457224,
        0.2134022548216697
      ],
      [
        0.009280989958383397,
        -0.060359000306457224,
        0.06907542657115648,
        -0.24368194198179421
      ],
      [
        -0.03300911148812933,
        0.2134022548216697,
        -0.24368194198179421,
        0.8765917857190362
      ]
    ],
    "dot_label_partial_transpose": {
      "negativity": 0.025521973021024463,
      "log_negativity": 0.07182299224154005,
      "min_eigenvalue": -0.025521973021024463,
      "n_negative_eigenvalues": 1,
      "negative_eigenvalues": [
        -0.025521973021024463
      ]
    },
    "von_neumann_entropy": 0.07303099477732108,
    "purity": 0.9771909020917131,
    "linear_entropy": 0.02280909790828689,
    "n_schmidt_terms": 6,
    "effective_schmidt_rank": 1,
    "negativity": 0.1887073802213256,
    "log_negativity": 0.4619630422144641,