{
  "source": "/itf-fi-ml/home/aleksns/Multi-Well-Quantum-Dots/results/imag_time_pinn/quench_single_fast_B0p50_p4_n2_nonmcmc_residual_anneal_s901__stageB_noref_20260423_142743_checkpoint.pt",
  "tau": 1.0,
  "npts": 24,
  "n_grid_per_particle": 576,
  "partition": null,
  "dot_projection_config": {
    "basis": "localized_ho",
    "max_ho_shell": 1
  },
  "system": {
    "n_particles": 2,
    "dim": 2,
    "omega": 1.0,
    "n_wells": 2,
    "well_centers": [
      [
        -2.0,
        0.0
      ],
      [
        2.0,
        0.0
      ]
    ]
  },
  "entanglement": {
    "norm2_before_normalisation": 264.1201454759493,
    "norm_M_squared": 1.000000000000005,
    "von_neumann_entropy": 0.24374032559826728,
    "purity": 0.9216648121538407,
    "linear_entropy": 0.07833518784615934,
    "n_schmidt_terms": 576,
    "effective_schmidt_rank": 3,
    "negativity": 0.8402454209923103,
    "log_negativity": 1.4224972060776377,
    "schmidt_values_top10": [
      0.9797249317645308,
      0.10813383898216634,
      0.1023975513116724,
      0.09070660050605982,
      0.05505142431873889,
      0.04768666641710886,
      0.034158811348542414,
      0.030614015859677813,
      0.025272403431603172,
      0.021178520519646055
    ],
    "schmidt_probs_top10": [
      0.9598609419210146,
      0.011692927133021077,
      0.010485258514626582,
      0.008227687375365932,
      0.003030659319521836,
      0.0022740181539766175,
      0.0011668243927453101,
      0.0009372179670566047,
      0.0006386943752097078,
      0.00044852973140106897
    ]
  },
  "dot_projected_entanglement": {
    "projection_basis": "lowdin_localized_ho",
    "projection_basis_config": {
      "projection_basis": "localized_ho",
      "max_ho_shell": 1
    },
    "projected_subspace_weight": 0.9501647810503662,
    "sector_probabilities": {
      "LL": 0.0011802900158586944,
      "LR": 0.04176773546218447,
      "RL": 0.05673439287688956,
      "RR": 0.9003175816450725
    },
    "projected_sector_probabilities": {
      "LL": 0.0011639410644616584,
      "LR": 0.045263682727274886,
      "RL": 0.05742733738917352,
      "RR": 0.8961450388190902
    },
    "region_metadata": {
      "particle_1": {
        "basis_family": "lowdin_localized_ho",
        "max_ho_shell": 1,
        "n_basis_total": 6,
        "overlap_matrix_rank": 6,
        "well_metadata": [
          {
            "well_index": 0,
            "well_center": [
              -2.0,
              0.0
            ],
            "raw_mode_labels": [
              [
                0,
                0
              ],
              [
                0,
                1
              ],
              [
                1,
                0
              ]
            ],
            "n_raw_modes": 3,
            "n_orthonormal_modes": 3,
            "region_measure": 70.00000000000001,
            "region_point_count": 288
          },
          {
            "well_index": 1,
            "well_center": [
              2.0,
              0.0
            ],
            "raw_mode_labels": [
              [
                0,
                0
              ],
              [
                0,
                1
              ],
              [
                1,
                0
              ]
            ],
            "n_raw_modes": 3,
            "n_orthonormal_modes": 3,
            "region_measure": 70.0,
            "region_point_count": 288
          }
        ]
      },
      "particle_2": {
        "basis_family": "lowdin_localized_ho",
        "max_ho_shell": 1,
        "n_basis_total": 6,
        "overlap_matrix_rank": 6,
        "well_metadata": [
          {
            "well_index": 0,
            "well_center": [
              -2.0,
              0.0
            ],
            "raw_mode_labels": [
              [
                0,
                0
              ],
              [
                0,
                1
              ],
              [
                1,
                0
              ]
            ],
            "n_raw_modes": 3,
            "n_orthonormal_modes": 3,
            "region_measure": 70.00000000000001,
            "region_point_count": 288
          },
          {
            "well_index": 1,
            "well_center": [
              2.0,
              0.0
            ],
            "raw_mode_labels": [
              [
                0,
                0
              ],
              [
                0,
                1
              ],
              [
                1,
                0
              ]
            ],
            "n_raw_modes": 3,
            "n_orthonormal_modes": 3,
            "region_measure": 70.0,
            "region_point_count": 288
          }
        ]
      }
    },
    "basis_dimensions": {
      "particle_1": 6,
      "particle_2": 6
    },
    "amplitude_matrix": [
      [
        0.032034499379318855,
        -2.251421517308011e-06,
        0.006108835044619835,
        -0.2010209201196392,
        -0.0012250865245460876,
        -0.042979555335065665
      ],
      [
        0.00013123984237304237,
        -0.0023258921569127094,
        0.00013175395017175372,
        0.0002940268772703531,
        -0.00010880691447602266,
        2.680599210780276e-05
      ],
      [
        0.00966049114766533,
        -1.6162515887891378e-05,
        -0.0012823164744180636,
        -0.05366366798581508,
        -0.0008440208326293308,
        -0.01117715283816985
      ],
      [
        0.22959028928260283,
        0.004945909796409312,
        0.04345027003311252,
        -0.9012809715441211,
        -0.007836677997401158,
        -0.21554997750908228
      ],
      [
        0.0016462221882478294,
        -0.0005529299322618531,
        0.0017168511548148863,
        -0.0023058063391526644,
        0.05994529450939304,
        -0.00041581512200562955
      ],
      [
        0.0509413025072251,
        0.0021561463069929587,
        0.014057732452960091,
        -0.18225780660643642,
        0.0007216508077748742,
        0.022295425485728455
      ]
    ],
    "direct_partial_transpose": {
      "negativity_direct": 0.154724903282661,
      "log_negativity_direct": 0.3889607597975968,
      "min_eigenvalue": -0.06387382863815505,
      "n_negative_eigenvalues": 15,
      "negative_eigenvalues": [
        -0.06387382863815505,
        -0.059380219652157576,
        -0.019190730669741633,
        -0.0038236348247599997,
        -0.0029784261584293197,
        -0.0023249695307950673,
        -0.00123573719550474,
        -0.0011488014366119,
        -0.00019178800700060702,
        -0.0001782954650622548,
        -0.0001497103667943534,
        -0.00013917804293233973,
        -5.762222284944468e-05,
        -4.49801020054247e-05,
        -6.9809698612897e-06
      ]
    },
    "dot_label_density_matrix": [
      [
        0.0011639410644616586,
        -0.007205932704270806,
        0.008096014374979936,
        -0.032117911408031184
      ],
      [
        -0.007205932704270806,
        0.04526368272727487,
        -0.05091803583780903,
        0.1999737753576389
      ],
      [
        0.008096014374979936,
        -0.05091803583780903,
        0.05742733738917352,
        -0.2253369494719763
      ],
      [
        -0.032117911408031184,
        0.1999737753576389,
        -0.2253369494719763,
        0.89614503881909
      ]
    ],
    "dot_label_partial_transpose": {
      "negativity": 0.01770569754357381,
      "log_negativity": 0.05020410079385756,
      "min_eigenvalue": -0.01770569754357381,
      "n_negative_eigenvalues": 1,
      "negative_eigenvalues": [
        -0.01770569754357381
      ]
    },
    "von_neumann_entropy": 0.05376484026041945,
    "purity": 0.9839879603149958,
    "linear_entropy": 0.016012039685004198,
    "n_schmidt_terms": 6,
    "effective_schmidt_rank": 1,
    "negativity": 0.15472490328266109,
    "log_negativity": 0.38896075979759703,