{
  "result_dir": "/itf-fi-ml/home/aleksns/Multi-Well-Quantum-Dots/results/p4_n2_nonmcmc_residual_anneal_s901__stageB_noref_20260423_142743",
  "n_samples": 4096,
  "mh_steps_eval": 20,
  "acc_rate": 0.71966552734375,
  "E_mean_fd": 2.3478608605402256,
  "T_mean_fd": 1.0146180372796647,
  "V_total_mean": 1.333242823260561,
  "V_conf_mean": 1.0071434283205678,
  "V_ee_mean": 0.3260993949399934,
  "occupancy_fraction": [
    0.4658203125,
    0.5341796875
  ]
}
