{
  "source": "results/p4_n2_nonmcmc_residual_anneal_s901__stageB_noref_20260423_142743",
  "tau": null,
  "npts": 24,
  "n_grid_per_particle": 576,
  "partition": null,
  "dot_projection_config": {
    "basis": "localized_ho",
    "max_ho_shell": 1
  },
  "system": {
    "n_particles": 2,
    "dim": 2,
    "omega": 1.0,
    "n_wells": 2,
    "well_centers": [
      [
        -2.0,
        0.0
      ],
      [
        2.0,
        0.0
      ]
    ]
  },
  "entanglement": {
    "norm2_before_normalisation": 61.11908212560731,
    "norm_M_squared": 1.0000000000000044,
    "von_neumann_entropy": 0.18547699582003732,
    "purity": 0.9463270893603105,
    "linear_entropy": 0.053672910639689486,
    "n_schmidt_terms": 576,
    "effective_schmidt_rank": 2,
    "negativity": 0.8769311357656706,
    "log_negativity": 1.4614564080032255,
    "schmidt_values_top10": [
      0.9862664459409616,
      0.10183107529734127,
      0.05359318590134038,
      0.052366839030903965,
      0.04843699458793439,
      0.04835000888800165,
      0.04385320099613061,
      0.026788417345690464,
      0.025148812036392514,
      0.024964650768523538
    ],
    "schmidt_probs_top10": [
      0.9727215023890157,
      0.010369567896212788,
      0.002872229575055629,
      0.002742285830088607,
      0.0023461424447115855,
      0.0023377233594698388,
      0.0019231032376070308,
      0.0007176193038868898,
      0.0006324627468418009,
      0.0006232337879943429
    ]
  },
  "dot_projected_entanglement": {
    "projection_basis": "lowdin_localized_ho",
    "projection_basis_config": {
      "projection_basis": "localized_ho",
      "max_ho_shell": 1
    },
    "projected_subspace_weight": 0.9778526309739769,
    "sector_probabilities": {
      "LL": 0.21310913536052692,
      "LR": 0.2774002064306495,
      "RL": 0.27690304451897296,
      "RR": 0.23258761368985495
    },
    "projected_sector_probabilities": {
      "LL": 0.20714753836146765,
      "LR": 0.28361253993875635,
      "RL": 0.2832205621073581,
      "RR": 0.22601935959241792
    },
    "region_metadata": {
      "particle_1": {
        "basis_family": "lowdin_localized_ho",
        "max_ho_shell": 1,
        "n_basis_total": 6,
        "overlap_matrix_rank": 6,
        "well_metadata": [
          {
            "well_index": 0,
            "well_center": [
              -2.0,
              0.0
            ],
            "raw_mode_labels": [
              [
                0,
                0
              ],
              [
                0,
                1
              ],
              [
                1,
                0
              ]
            ],
            "n_raw_modes": 3,
            "n_orthonormal_modes": 3,
            "region_measure": 70.00000000000001,
            "region_point_count": 288
          },
          {
            "well_index": 1,
            "well_center": [
              2.0,
              0.0
            ],
            "raw_mode_labels": [
              [
                0,
                0
              ],
              [
                0,
                1
              ],
              [
                1,
                0
              ]
            ],
            "n_raw_modes": 3,
            "n_orthonormal_modes": 3,
            "region_measure": 70.0,
            "region_point_count": 288
          }
        ]
      },
      "particle_2": {
        "basis_family": "lowdin_localized_ho",
        "max_ho_shell": 1,
        "n_basis_total": 6,
        "overlap_matrix_rank": 6,
        "well_metadata": [
          {
            "well_index": 0,
            "well_center": [
              -2.0,
              0.0
            ],
            "raw_mode_labels": [
              [
                0,
                0
              ],
              [
                0,
                1
              ],
              [
                1,
                0
              ]
            ],
            "n_raw_modes": 3,
            "n_orthonormal_modes": 3,
            "region_measure": 70.00000000000001,
            "region_point_count": 288
          },
          {
            "well_index": 1,
            "well_center": [
              2.0,
              0.0
            ],
            "raw_mode_labels": [
              [
                0,
                0
              ],
              [
                0,
                1
              ],
              [
                1,
                0
              ]
            ],
            "n_raw_modes": 3,
            "n_orthonormal_modes": 3,
            "region_measure": 70.0,
            "region_point_count": 288
          }
        ]
      }
    },
    "basis_dimensions": {
      "particle_1": 6,
      "particle_2": 6
    },
    "amplitude_matrix": [
      [
        0.45036834966686917,
        0.00037892375804587697,
        -0.046861390387274146,
        -0.531430358170472,
        0.0004272343063316928,
        -0.034449003423829845
      ],
      [
        0.00037746086785347163,
        -0.029247253140986397,
        -3.262913486477971e-05,
        0.00033447771478916277,
        0.0009818958691637065,
        0.00022139623750565127
      ],
      [
        -0.020742474461774442,
        -3.3998326952021875e-05,
        -0.028878326253813247,
        0.0010326353084874698,
        -2.3916575658058564e-05,
        -0.002281681111844411
      ],
      [
        0.531275010240767,
        -0.0003236281008905671,
        -0.030441809254836357,
        -0.47082750226618103,
        -0.00023987848373941984,
        -0.04410412163033819
      ],
      [
        -0.0004441066952753248,
        -0.001017338842666006,
        2.694074024418512e-05,
        -0.00024406296759687146,
        0.03208565714708108,
        -0.0003020003204945777
      ],
      [
        0.005805536292130433,
        -0.00022011868190791308,
        0.00237307320179214,
        -0.01674473604463775,
        -0.00031316604174722344,
        0.03294642912481622
      ]
    ],
    "direct_partial_transpose": {
      "negativity_direct": 0.2091865982624035,
      "log_negativity_direct": 0.5042371785135722,
      "min_eigenvalue": -0.0751483387355876,
      "n_negative_eigenvalues": 15,
      "negative_eigenvalues": [
        -0.0751483387355876,
        -0.03533260506018246,
        -0.032240303096317285,
        -0.02880096319115455,
        -0.023218577629068662,
        -0.0026803602724783924,
        -0.002445775720325147,
        -0.0021848645865537686,
        -0.0017613802592366785,
        -0.0011499339712097688,
        -0.0010272609993190098,
        -0.0009373553385225432,
        -0.0008281507496710567,
        -0.0007556711749207052,
        -0.0006750574778558196
      ]
    },
    "dot_label_density_matrix": [
      [
        0.20714753836146765,
        -0.2377090494805819,
        0.24053651422654776,
        -0.21152171503689748
      ],
      [
        -0.2377090494805819,
        0.2836125399387564,
        -0.28128767308312935,
        0.2516701680365615
      ],
      [
        0.24053651422654776,
        -0.28128767308312935,
        0.2832205621073581,
        -0.24884769988114358
      ],
      [
        -0.21152171503689748,
        0.2516701680365615,
        -0.24884769988114358,
        0.22601935959241792
      ]
    ],
    "dot_label_partial_transpose": {
      "negativity": 0.06498448827947576,
      "log_negativity": 0.17628316380952866,
      "min_eigenvalue": -0.06498448827947576,
      "n_negative_eigenvalues": 1,
      "negative_eigenvalues": [
        -0.06498448827947576
      ]
    },
    "von_neumann_entropy": 0.06443955348556409,
    "purity": 0.981340576332169,
    "linear_entropy": 0.01865942366783102,
    "n_schmidt_terms": 6,
    "effective_schmidt_rank": 1,
    "negativity": 0.2091865982624036,
    "log_negativity": 0.5042371785135724,