{
  "dir": "p4_n2_nonmcmc_residual_anneal_s901__stageB_noref_20260423_142743",
  "n_samples": 8192,
  "fd_h_eval": 0.01,
  "E_mean": 2.5864176529178238,
  "E_std": 0.6396568958020233,
  "E_stderr": 0.00706727701022418,
  "T_mean": 1.022037090584822,
  "T_stderr": 0.011849821910737938,
  "V_trap_mean": 1.064677490173142,
  "V_trap_stderr": 0.007863194230011725,
  "V_int_mean": 0.4997030721598601,
  "V_int_stderr": 0.006064198881979822,
  "r_dot_gradV_mean": 1.9250618699301127,
  "r_dot_gradV_stderr": 0.029814619028893513,
  "old_virial_lhs": 2.044074181169644,
  "old_virial_rhs": 1.6296519081864238,
  "old_virial_residual": 0.4144222729832201,
  "old_virial_relative": 0.1602302213316927,
  "new_virial_lhs": 2.044074181169644,
  "new_virial_rhs": 1.9250618699301127,
  "new_virial_residual": 0.11901231123953115,
  "new_virial_relative": 0.046014343857137464
}