{
  "source": "/itf-fi-ml/home/aleksns/Multi-Well-Quantum-Dots/results/p4_n2_nonmcmc_residual_anneal_s42__stageA_singlet_self_residual_20260423_181245",
  "tau": null,
  "npts": 28,
  "n_grid_per_particle": 784,
  "partition": null,
  "dot_projection_config": {
    "basis": "localized_ho",
    "max_ho_shell": 1
  },
  "system": {
    "n_particles": 2,
    "dim": 2,
    "omega": 1.0,
    "n_wells": 2,
    "well_centers": [
      [
        -2.0,
        0.0
      ],
      [
        2.0,
        0.0
      ]
    ]
  },
  "entanglement": {
    "norm2_before_normalisation": 134.7914895038006,
    "norm_M_squared": 1.000000000000005,
    "von_neumann_entropy": 0.6941773926553259,
    "purity": 0.5003392139961035,
    "linear_entropy": 0.4996607860038965,
    "n_schmidt_terms": 784,
    "effective_schmidt_rank": 2,
    "negativity": 0.5524470798829852,
    "log_negativity": 1.0737476921896871,
    "schmidt_values_top10": [
      0.7178670309068383,
      0.69608316101205,
      0.006672543360362809,
      0.004956290888291303,
      0.0045992048425307136,
      0.004027859354642022,
      0.003099868397885451,
      0.0030460501335624014,
      0.001815310774632388,
      0.001794219700390121
    ],
    "schmidt_probs_top10": [
      0.5153330740629996,
      0.48453176704452755,
      4.45228348959218e-05,
      2.456481936935939e-05,
      2.1152685183557966e-05,
      1.622365098077725e-05,
      9.609184084208913e-06,
      9.278421416175524e-06,
      3.295353208496441e-06,
      3.2192243332680157e-06
    ]
  },
  "dot_projected_entanglement": {
    "projection_basis": "lowdin_localized_ho",
    "projection_basis_config": {
      "projection_basis": "localized_ho",
      "max_ho_shell": 1
    },
    "projected_subspace_weight": 0.9998920629463764,
    "sector_probabilities": {
      "LL": 0.0012551415050834685,
      "LR": 0.49873268997944303,
      "RL": 0.4987326899794428,
      "RR": 0.0012794785360353302
    },
    "projected_sector_probabilities": {
      "LL": 0.0006737015480724122,
      "LR": 0.49932178424738727,
      "RL": 0.49932178424738655,
      "RR": 0.0006827299571535625
    },
    "region_metadata": {
      "particle_1": {
        "basis_family": "lowdin_localized_ho",
        "max_ho_shell": 1,
        "n_basis_total": 6,
        "overlap_matrix_rank": 6,
        "well_metadata": [
          {
            "well_index": 0,
            "well_center": [
              -2.0,
              0.0
            ],
            "raw_mode_labels": [
              [
                0,
                0
              ],
              [
                0,
                1
              ],
              [
                1,
                0
              ]
            ],
            "n_raw_modes": 3,
            "n_orthonormal_modes": 3,
            "region_measure": 69.99999999999999,
            "region_point_count": 392
          },
          {
            "well_index": 1,
            "well_center": [
              2.0,
              0.0
            ],
            "raw_mode_labels": [
              [
                0,
                0
              ],
              [
                0,
                1
              ],
              [
                1,
                0
              ]
            ],
            "n_raw_modes": 3,
            "n_orthonormal_modes": 3,
            "region_measure": 69.99999999999999,
            "region_point_count": 392
          }
        ]
      },
      "particle_2": {
        "basis_family": "lowdin_localized_ho",
        "max_ho_shell": 1,
        "n_basis_total": 6,
        "overlap_matrix_rank": 6,
        "well_metadata": [
          {
            "well_index": 0,
            "well_center": [
              -2.0,
              0.0
            ],
            "raw_mode_labels": [
              [
                0,
                0
              ],
              [
                0,
                1
              ],
              [
                1,
                0
              ]
            ],
            "n_raw_modes": 3,
            "n_orthonormal_modes": 3,
            "region_measure": 69.99999999999999,
            "region_point_count": 392
          },
          {
            "well_index": 1,
            "well_center": [
              2.0,
              0.0
            ],
            "raw_mode_labels": [
              [
                0,
                0
              ],
              [
                0,
                1
              ],
              [
                1,
                0
              ]
            ],
            "n_raw_modes": 3,
            "n_orthonormal_modes": 3,
            "region_measure": 69.99999999999999,
            "region_point_count": 392
          }
        ]
      }
    },
    "basis_dimensions": {
      "particle_1": 6,
      "particle_2": 6
    },
    "amplitude_matrix": [
      [
        0.011557244176101263,
        -1.93689681795894e-05,
        0.01634992261717859,
        0.7062818342569435,
        -0.0013889847817578817,
        0.01589650044056789
      ],
      [
        -1.936896817958836e-05,
        -0.00038752515238196474,
        -2.1403808328935767e-05,
        -0.00026584173459507493,
        -0.004179307356642271,
        0.00028577501587348427
      ],
      [
        0.016349922617178585,
        -2.1403808328935167e-05,
        -0.0023108166624209885,
        -0.014425395297080413,
        3.675715773104632e-05,
        -0.002722960028943734
      ],
      [
        0.706281834256943,
        -0.00026584173459509076,
        -0.014425395297080429,
        0.01166634556487964,
        -3.725502327567539e-05,
        -0.01643897255912931
      ],
      [
        -0.0013889847817578687,
        -0.004179307356642274,
        3.675715773104788e-05,
        -3.7255023275675815e-05,
        -0.0003787128397951921,
        4.081080745508663e-05
      ],
      [
        0.015896500440567903,
        0.0002857750158734888,
        -0.002722960028943741,
        -0.01643897255912932,
        4.081080745508705e-05,
        -0.002448912081355293
      ]
    ],
    "direct_partial_transpose": {
      "negativity_direct": 0.5172937239028687,
      "log_negativity_direct": 1.0247362896543895,
      "min_eigenvalue": -0.499738246309032,
      "n_negative_eigenvalues": 15,
      "negative_eigenvalues": [
        -0.499738246309032,
        -0.0032960615248659054,
        -0.0031960425784493835,
        -0.0027320462445946485,
        -0.0026491423349181632,
        -0.002614203843504023,
        -0.0025348758600387137,
        -0.00024418532625115875,
        -0.00023677552553056998,
        -1.747261929320266e-05,
        -1.671896608731969e-05,
        -1.3858050939829881e-05,
        -1.5616709457190854e-06,
        -1.2944410201018116e-06,
        -1.238607397895399e-06
      ]
    },
    "dot_label_density_matrix": [
      [
        0.0006737015480724123,
        0.008194661067901472,
        0.008194661067901466,
        -0.00039691561039661283
      ],
      [
        0.008194661067901472,
        0.49932178424738727,
        0.4984010434260641,
        0.008223870348021321
      ],
      [
        0.008194661067901466,
        0.4984010434260641,
        0.4993217842473866,
        0.008223870348021318
      ],
      [
        -0.00039691561039661283,
        0.008223870348021321,
        0.008223870348021318,
        0.0006827299571535624
      ]
    ],
    "dot_label_partial_transpose": {
      "negativity": 0.4977228285458247,
      "log_negativity": 0.9967109897928425,
      "min_eigenvalue": -0.4977228285458247,
      "n_negative_eigenvalues": 1,
      "negative_eigenvalues": [
        -0.4977228285458247
      ]
    },
    "von_neumann_entropy": 0.6932267802794836,
    "purity": 0.5004254966108933,
    "linear_entropy": 0.4995745033891067,
    "n_schmidt_terms": 6,
    "effective_schmidt_rank": 2,
    "negativity": 0.5172937239028688,
    "log_negativity": 1.0247362896543895,