{
  "source": "/itf-fi-ml/home/aleksns/Multi-Well-Quantum-Dots/results/p4_n2_nonmcmc_residual_anneal_s42__stageB_noref_20260423_182608",
  "tau": null,
  "npts": 28,
  "n_grid_per_particle": 784,
  "partition": null,
  "dot_projection_config": {
    "basis": "localized_ho",
    "max_ho_shell": 1
  },
  "system": {
    "n_particles": 2,
    "dim": 2,
    "omega": 1.0,
    "n_wells": 2,
    "well_centers": [
      [
        -2.0,
        0.0
      ],
      [
        2.0,
        0.0
      ]
    ]
  },
  "entanglement": {
    "norm2_before_normalisation": 383.64925908007,
    "norm_M_squared": 1.0000000000000056,
    "von_neumann_entropy": 0.6957974714415617,
    "purity": 0.5000183382393497,
    "linear_entropy": 0.4999816617606503,
    "n_schmidt_terms": 784,
    "effective_schmidt_rank": 2,
    "negativity": 0.5573557505469755,
    "log_negativity": 1.0804608575150418,
    "schmidt_values_top10": [
      0.716133512767238,
      0.6977339348732138,
      0.015218044169545591,
      0.0063685287169984355,
      0.0054286838432020205,
      0.0028429212583454596,
      0.001781288044426405,
      0.001612985873177092,
      0.0013052202156126282,
      0.0010402643496636977
    ],
    "schmidt_probs_top10": [
      0.5128472081083438,
      0.48683264387365816,
      0.00023158886834624055,
      4.055815801923374e-05,
      2.947060826944266e-05,
      8.082201281152532e-06,
      3.1729870972164466e-06,
      2.601723427068866e-06,
      1.7035998112438755e-06,
      1.082149917181236e-06
    ]
  },
  "dot_projected_entanglement": {
    "projection_basis": "lowdin_localized_ho",
    "projection_basis_config": {
      "projection_basis": "localized_ho",
      "max_ho_shell": 1
    },
    "projected_subspace_weight": 0.999806444583208,
    "sector_probabilities": {
      "LL": 0.0010337916570262043,
      "LR": 0.4989691642799233,
      "RL": 0.49896916427992316,
      "RR": 0.0010278797831328353
    },
    "projected_sector_probabilities": {
      "LL": 0.0005525029052984786,
      "LR": 0.4994490393870988,
      "RL": 0.4994490393870996,
      "RR": 0.0005494183205031122
    },
    "region_metadata": {
      "particle_1": {
        "basis_family": "lowdin_localized_ho",
        "max_ho_shell": 1,
        "n_basis_total": 6,
        "overlap_matrix_rank": 6,
        "well_metadata": [
          {
            "well_index": 0,
            "well_center": [
              -2.0,
              0.0
            ],
            "raw_mode_labels": [
              [
                0,
                0
              ],
              [
                0,
                1
              ],
              [
                1,
                0
              ]
            ],
            "n_raw_modes": 3,
            "n_orthonormal_modes": 3,
            "region_measure": 69.99999999999999,
            "region_point_count": 392
          },
          {
            "well_index": 1,
            "well_center": [
              2.0,
              0.0
            ],
            "raw_mode_labels": [
              [
                0,
                0
              ],
              [
                0,
                1
              ],
              [
                1,
                0
              ]
            ],
            "n_raw_modes": 3,
            "n_orthonormal_modes": 3,
            "region_measure": 69.99999999999999,
            "region_point_count": 392
          }
        ]
      },
      "particle_2": {
        "basis_family": "lowdin_localized_ho",
        "max_ho_shell": 1,
        "n_basis_total": 6,
        "overlap_matrix_rank": 6,
        "well_metadata": [
          {
            "well_index": 0,
            "well_center": [
              -2.0,
              0.0
            ],
            "raw_mode_labels": [
              [
                0,
                0
              ],
              [
                0,
                1
              ],
              [
                1,
                0
              ]
            ],
            "n_raw_modes": 3,
            "n_orthonormal_modes": 3,
            "region_measure": 69.99999999999999,
            "region_point_count": 392
          },
          {
            "well_index": 1,
            "well_center": [
              2.0,
              0.0
            ],
            "raw_mode_labels": [
              [
                0,
                0
              ],
              [
                0,
                1
              ],
              [
                1,
                0
              ]
            ],
            "n_raw_modes": 3,
            "n_orthonormal_modes": 3,
            "region_measure": 69.99999999999999,
            "region_point_count": 392
          }
        ]
      }
    },
    "basis_dimensions": {
      "particle_1": 6,
      "particle_2": 6
    },
    "amplitude_matrix": [
      [
        0.01042962777511673,
        -2.276489171122689e-05,
        0.01448255761001678,
        0.7054446525913152,
        -0.0005488304746684734,
        0.02938646790542122
      ],
      [
        -2.2764891711223904e-05,
        -0.0006321933937983119,
        -2.7079081630619588e-05,
        -0.0005384271091600103,
        -0.003452130128549086,
        0.0002281999175296395
      ],
      [
        0.014482557610016784,
        -2.707908163062027e-05,
        -0.004882074189830273,
        -0.029622746435357984,
        -0.00014217806056705316,
        0.006574899559542851
      ],
      [
        0.7054446525913157,
        -0.0005384271091599552,
        -0.029622746435358092,
        0.010398656754410308,
        -1.8011316103331916e-05,
        -0.014440559676099281
      ],
      [
        -0.0005488304746684181,
        -0.003452130128549081,
        -0.0001421780605670617,
        -1.801131610332999e-05,
        -0.0006292259997601728,
        1.9977718016698434e-05
      ],
      [
        0.029386467905421126,
        0.00022819991752963655,
        0.00657489955954286,
        -0.014440559676099272,
        1.997771801669854e-05,
        -0.004881532371794338
      ]
    ],
    "direct_partial_transpose": {
      "negativity_direct": 0.5326204667706467,
      "log_negativity_direct": 1.046310098036522,
      "min_eigenvalue": -0.4997395867782876,
      "n_negative_eigenvalues": 15,
      "negative_eigenvalues": [
        -0.4997395867782876,
        -0.008432289200964392,
        -0.008215929425907221,
        -0.003208075945857745,
        -0.0031257615738682423,
        -0.0029199242825603076,
        -0.0028450034460114244,
        -0.0020047067500887305,
        -0.001953269009853851,
        -5.274212061933584e-05,
        -4.800478583088904e-05,
        -3.29582238712586e-05,
        -1.8263486348702655e-05,
        -1.2539001296052187e-05,
        -1.1412739280899078e-05
      ]
    },
    "dot_label_density_matrix": [
      [
        0.0005525029052984785,
        0.007324208913381836,
        0.0073242089133818385,
        -0.0002855888217360632
      ],
      [
        0.007324208913381836,
        0.49944903938709884,
        0.4959668147219066,
        0.007309186682193708
      ],
      [
        0.0073242089133818385,
        0.4959668147219066,
        0.4994490393870996,
        0.007309186682193717
      ],
      [
        -0.0002855888217360632,
        0.007309186682193708,
        0.007309186682193717,
        0.0005494183205031121
      ]
    ],
    "dot_label_partial_transpose": {
      "negativity": 0.49541585433766355,
      "log_negativity": 0.9933712706208088,
      "min_eigenvalue": -0.49541585433766355,
      "n_negative_eigenvalues": 1,
      "negative_eigenvalues": [
        -0.49541585433766355
      ]
    },
    "von_neumann_entropy": 0.6945893583243644,
    "purity": 0.5001544347352108,
    "linear_entropy": 0.4998455652647892,
    "n_schmidt_terms": 6,
    "effective_schmidt_rank": 2,
    "negativity": 0.5326204667706467,
    "log_negativity": 1.046310098036522,