{
  "source": "/itf-fi-ml/home/aleksns/Multi-Well-Quantum-Dots/results/p4_n2_singlet_d4_s42__stageB_noref_20260423_223230",
  "tau": null,
  "npts": 5,
  "n_grid_per_particle": 25,
  "partition": null,
  "dot_projection_config": {
    "basis": "localized_ho",
    "max_ho_shell": 1
  },
  "system": {
    "n_particles": 2,
    "dim": 2,
    "omega": 1.0,
    "n_wells": 2,
    "well_centers": [
      [
        -2.0,
        0.0
      ],
      [
        2.0,
        0.0
      ]
    ]
  },
  "entanglement": {
    "norm2_before_normalisation": 20.89274198237508,
    "norm_M_squared": 1.0000000000000007,
    "von_neumann_entropy": 0.7780366949145137,
    "purity": 0.5269399759984815,
    "linear_entropy": 0.4730600240015185,
    "n_schmidt_terms": 25,
    "effective_schmidt_rank": 3,
    "negativity": 0.7376208890824434,
    "log_negativity": 1.3075694525147443,
    "schmidt_values_top10": [
      0.8163643263882306,
      0.532258429109292,
      0.22416548776157075,
      0.0002250566220180895,
      0.00017859666035479406,
      3.4650760913011184e-05,
      3.396440164165029e-05,
      1.4903860742609918e-05,
      1.4689629260585756e-05,
      5.108211876392267e-09
    ],
    "schmidt_probs_top10": [
      0.6664507133993096,
      0.2832990353578912,
      0.05025016590338292,
      5.065048311419321e-08,
      3.189676708988567e-08,
      1.2006752318506637e-09,
      1.153580578875337e-09,
      2.2212506503510906e-10,
      2.1578520781345724e-10,
      2.6093828574115002e-17
    ]
  },
  "dot_projected_entanglement": {
    "projection_basis": "lowdin_localized_ho",
    "projection_basis_config": {
      "projection_basis": "localized_ho",
      "max_ho_shell": 1
    },
    "projected_subspace_weight": 0.9997013066655027,
    "sector_probabilities": {
      "LL": 0.219759599658661,
      "LR": 0.3901202001706671,
      "RL": 0.3901202001706671,
      "RR": 5.498198447870518e-15
    },
    "projected_sector_probabilities": {
      "LL": 0.22924814518622014,
      "LR": 0.2714813916674057,
      "RL": 0.2714813916674056,
      "RR": 0.22778907147896843
    },
    "region_metadata": {
      "particle_1": {
        "basis_family": "lowdin_localized_ho",
        "max_ho_shell": 1,
        "n_basis_total": 6,
        "overlap_matrix_rank": 5,
        "well_metadata": [
          {
            "well_index": 0,
            "well_center": [
              -2.0,
              0.0
            ],
            "raw_mode_labels": [
              [
                0,
                0
              ],
              [
                0,
                1
              ],
              [
                1,
                0
              ]
            ],
            "n_raw_modes": 3,
            "n_orthonormal_modes": 3,
            "region_measure": 89.91111111111113,
            "region_point_count": 15
          },
          {
            "well_index": 1,
            "well_center": [
              2.0,
              0.0
            ],
            "raw_mode_labels": [
              [
                0,
                0
              ],
              [
                0,
                1
              ],
              [
                1,
                0
              ]
            ],
            "n_raw_modes": 3,
            "n_orthonormal_modes": 3,
            "region_measure": 50.0888888888889,
            "region_point_count": 10
          }
        ]
      },
      "particle_2": {
        "basis_family": "lowdin_localized_ho",
        "max_ho_shell": 1,
        "n_basis_total": 6,
        "overlap_matrix_rank": 5,
        "well_metadata": [
          {
            "well_index": 0,
            "well_center": [
              -2.0,
              0.0
            ],
            "raw_mode_labels": [
              [
                0,
                0
              ],
              [
                0,
                1
              ],
              [
                1,
                0
              ]
            ],
            "n_raw_modes": 3,
            "n_orthonormal_modes": 3,
            "region_measure": 89.91111111111113,
            "region_point_count": 15
          },
          {
            "well_index": 1,
            "well_center": [
              2.0,
              0.0
            ],
            "raw_mode_labels": [
              [
                0,
                0
              ],
              [
                0,
                1
              ],
              [
                1,
                0
              ]
            ],
            "n_raw_modes": 3,
            "n_orthonormal_modes": 3,
            "region_measure": 50.0888888888889,
            "region_point_count": 10
          }
        ]
      }
    },
    "basis_dimensions": {
      "particle_1": 6,
      "particle_2": 6
    },
    "amplitude_matrix": [
      [
        0.3530264192171677,
        -0.00022164031864781454,
        -0.005623047438024903,
        0.42604912581427423,
        -0.00022536673401208336,
        0.18833686387055126
      ],
      [
        -0.00022164031864781478,
        -5.560615456339861e-05,
        -9.18313866948522e-05,
        -0.00033401998786796805,
        -6.991213511239006e-05,
        -0.0001893594813173323
      ],
      [
        -0.005623047438024907,
        -9.183138669485128e-05,
        -0.3233529603838982,
        -0.18939256328277757,
        0.00016573094329732664,
        -0.13646606233749284
      ],
      [
        0.4260491258142741,
        -0.0003340199878679655,
        -0.18939256328277765,
        0.35243900480917284,
        -0.0001372133874730033,
        0.005208947478058967
      ],
      [
        -0.00022536673401208493,
        -6.991213511239004e-05,
        0.00016573094329732843,
        -0.00013721338747300509,
        -5.471712767478467e-05,
        5.484201445841732e-05
      ],
      [
        0.18833686387055135,
        -0.0001893594813173327,
        -0.13646606233749273,
        0.0052089474780588904,
        5.4842014458416683e-05,
        -0.3217475818652649
      ]
    ],
    "direct_partial_transpose": {
      "negativity_direct": 0.7365990872989878,
      "log_negativity_direct": 1.3063778458963828,
      "min_eigenvalue": -0.4346168193264397,
      "n_negative_eigenvalues": 10,
      "negative_eigenvalues": [
        -0.4346168193264397,
        -0.18266148365469395,
        -0.11910027881236968,
        -0.00010233457479508376,
        -6.672493919560721e-05,
        -2.8043269032084878e-05,
        -1.2149583751193875e-05,
        -7.921860609405464e-06,
        -3.329412825019131e-06,
        -1.865275815773619e-09
      ]
    },
    "dot_label_density_matrix": [
      [
        0.22924814518622016,
        0.19453936883349265,
        0.19453936883349254,
        0.2283997864294063
      ],
      [
        0.19453936883349265,
        0.27148139166740565,
        0.12880173363508438,
        0.19405853566767442
      ],
      [
        0.19453936883349254,
        0.12880173363508438,
        0.2714813916674056,
        0.19405853566767434
      ],
      [
        0.2283997864294063,
        0.19405853566767442,
        0.19405853566767434,
        0.22778907147896843
      ]
    ],
    "dot_label_partial_transpose": {
      "negativity": 0.0,
      "log_negativity": 0.0,
      "min_eigenvalue": 0.033518501017785765,
      "n_negative_eigenvalues": 0,
      "negative_eigenvalues": []
    },
    "von_neumann_entropy": 0.7776033154309947,
    "purity": 0.52711622080398,
    "linear_entropy": 0.47288377919602,
    "n_schmidt_terms": 6,
    "effective_schmidt_rank": 3,
    "negativity": 0.7365990872989874,
    "log_negativity": 1.3063778458963822,
    "schmidt_values_top10": [
      0.8164326530857973,
      0.5323363999268738,
      0.2237312324100519,
      0.00012534355945746734,
      1.488130552505384e-05,
      2.6491322290552435e-18
    ],