{
  "source": "/itf-fi-ml/home/aleksns/Multi-Well-Quantum-Dots/results/p4_n2_nonmcmc_residual_anneal_s42__stageB_noref_20260423_182608",
  "tau": null,
  "npts": 5,
  "n_grid_per_particle": 25,
  "partition": null,
  "dot_projection_config": {
    "basis": "localized_ho",
    "max_ho_shell": 1
  },
  "system": {
    "n_particles": 2,
    "dim": 2,
    "omega": 1.0,
    "n_wells": 2,
    "well_centers": [
      [
        -2.0,
        0.0
      ],
      [
        2.0,
        0.0
      ]
    ]
  },
  "entanglement": {
    "norm2_before_normalisation": 16.139748652775225,
    "norm_M_squared": 1.0000000000000009,
    "von_neumann_entropy": 0.7733784434783773,
    "purity": 0.5299895945212547,
    "linear_entropy": 0.4700104054787453,
    "n_schmidt_terms": 25,
    "effective_schmidt_rank": 3,
    "negativity": 0.7337465740792255,
    "log_negativity": 1.3030460785493332,
    "schmidt_values_top10": [
      0.818401699336943,
      0.5300924614281101,
      0.22185706360937194,
      0.00022292963225108628,
      0.00018243741734054477,
      1.9498350840314752e-05,
      1.8450584385334233e-05,
      1.6387259141608265e-05,
      1.4694720937212408e-05,
      2.8080352470078887e-09
    ],
    "schmidt_probs_top10": [
      0.6697813414775959,
      0.2809980176629124,
      0.049220556673372905,
      4.9697620935604566e-08,
      3.328341124588811e-08,
      3.80185685492003e-10,
      3.404240641603394e-10,
      2.6854226217422363e-10,
      2.1593482342254872e-10,
      7.885061948438654e-18
    ]
  },
  "dot_projected_entanglement": {
    "projection_basis": "lowdin_localized_ho",
    "projection_basis_config": {
      "projection_basis": "localized_ho",
      "max_ho_shell": 1
    },
    "projected_subspace_weight": 0.9997189797350529,
    "sector_probabilities": {
      "LL": 0.22148518654997118,
      "LR": 0.38925740672501263,
      "RL": 0.3892574067250126,
      "RR": 4.4198473583640586e-15
    },
    "projected_sector_probabilities": {
      "LL": 0.2292430438326169,
      "LR": 0.270830087215252,
      "RL": 0.27083008721525204,
      "RR": 0.22909678173687903
    },
    "region_metadata": {
      "particle_1": {
        "basis_family": "lowdin_localized_ho",
        "max_ho_shell": 1,
        "n_basis_total": 6,
        "overlap_matrix_rank": 5,
        "well_metadata": [
          {
            "well_index": 0,
            "well_center": [
              -2.0,
              0.0
            ],
            "raw_mode_labels": [
              [
                0,
                0
              ],
              [
                0,
                1
              ],
              [
                1,
                0
              ]
            ],
            "n_raw_modes": 3,
            "n_orthonormal_modes": 3,
            "region_measure": 89.91111111111113,
            "region_point_count": 15
          },
          {
            "well_index": 1,
            "well_center": [
              2.0,
              0.0
            ],
            "raw_mode_labels": [
              [
                0,
                0
              ],
              [
                0,
                1
              ],
              [
                1,
                0
              ]
            ],
            "n_raw_modes": 3,
            "n_orthonormal_modes": 3,
            "region_measure": 50.0888888888889,
            "region_point_count": 10
          }
        ]
      },
      "particle_2": {
        "basis_family": "lowdin_localized_ho",
        "max_ho_shell": 1,
        "n_basis_total": 6,
        "overlap_matrix_rank": 5,
        "well_metadata": [
          {
            "well_index": 0,
            "well_center": [
              -2.0,
              0.0
            ],
            "raw_mode_labels": [
              [
                0,
                0
              ],
              [
                0,
                1
              ],
              [
                1,
                0
              ]
            ],
            "n_raw_modes": 3,
            "n_orthonormal_modes": 3,
            "region_measure": 89.91111111111113,
            "region_point_count": 15
          },
          {
            "well_index": 1,
            "well_center": [
              2.0,
              0.0
            ],
            "raw_mode_labels": [
              [
                0,
                0
              ],
              [
                0,
                1
              ],
              [
                1,
                0
              ]
            ],
            "n_raw_modes": 3,
            "n_orthonormal_modes": 3,
            "region_measure": 50.0888888888889,
            "region_point_count": 10
          }
        ]
      }
    },
    "basis_dimensions": {
      "particle_1": 6,
      "particle_2": 6
    },
    "amplitude_matrix": [
      [
        0.3548141177968534,
        -0.00010100937494799418,
        -0.003566566129151384,
        0.42780265382650035,
        -2.4205960102070813e-05,
        0.18619488265238723
      ],
      [
        -0.00010100937494799299,
        -6.055294100579616e-05,
        -5.036106971380549e-05,
        -0.0001205412311720909,
        -7.831925842275709e-05,
        1.489421989122449e-06
      ],
      [
        -0.0035665661291514055,
        -5.036106971380375e-05,
        -0.32144130990249103,
        -0.18630102951474636,
        -7.545744872922188e-05,
        -0.13578785558361528
      ],
      [
        0.42780265382650035,
        -0.0001205412311720895,
        -0.18630102951474625,
        0.35475505469972196,
        -4.1447862493626566e-05,
        0.003524928221674703
      ],
      [
        -2.4205960102066873e-05,
        -7.831925842275704e-05,
        -7.54574487292214e-05,
        -4.1447862493625875e-05,
        -6.149843599689832e-05,
        3.2315610589736607e-05
      ],
      [
        0.18619488265238732,
        1.4894219891224519e-06,
        -0.13578785558361534,
        0.0035249282216746826,
        3.2315610589738185e-05,
        -0.3212798987758723
      ]
    ],
    "direct_partial_transpose": {
      "negativity_direct": 0.7328218785142405,
      "log_negativity_direct": 1.3019643702618289,
      "min_eigenvalue": -0.43392229852844777,
      "n_negative_eigenvalues": 10,
      "negative_eigenvalues": [
        -0.43392229852844777,
        -0.18124853668634264,
        -0.11740516835231923,
        -0.0001140212251252059,
        -7.38581473611127e-05,
        -3.085041072323631e-05,
        -1.414919449461437e-05,
        -9.165252266659857e-06,
        -3.828308817790991e-06,
        -2.4083420010766692e-09
      ]
    },
    "dot_label_density_matrix": [
      [
        0.2292430438326169,
        0.1954386490444477,
        0.19543864904444766,
        0.22911959833816534
      ],
      [
        0.1954386490444477,
        0.27083008721525204,
        0.13207686743272176,
        0.19539069662138392
      ],
      [
        0.19543864904444766,
        0.13207686743272176,
        0.27083008721525204,
        0.19539069662138395
      ],
      [
        0.22911959833816534,
        0.19539069662138392,
        0.19539069662138395,
        0.229096781736879
      ]
    ],
    "dot_label_partial_transpose": {
      "negativity": 0.0,
      "log_negativity": 0.0,
      "min_eigenvalue": 0.03366346570517907,
      "n_negative_eigenvalues": 0,
      "negative_eigenvalues": []
    },
    "von_neumann_entropy": 0.7729736413976256,
    "purity": 0.5301528270530815,
    "linear_entropy": 0.46984717294691847,
    "n_schmidt_terms": 6,
    "effective_schmidt_rank": 3,
    "negativity": 0.7328218785142406,
    "log_negativity": 1.301964370261829,
    "schmidt_values_top10": [
      0.818464092440136,
      0.5301665675213306,
      0.2214495887607916,
      0.00013931121252402166,
      1.7287495719519306e-05,
      8.289759370164011e-18
    ],