{
  "source": "/itf-fi-ml/home/aleksns/Multi-Well-Quantum-Dots/results/p4_n2_singlet_d4_s42__stageB_noref_20260423_230721",
  "tau": null,
  "npts": 5,
  "n_grid_per_particle": 25,
  "partition": null,
  "dot_projection_config": {
    "basis": "localized_ho",
    "max_ho_shell": 1
  },
  "system": {
    "n_particles": 2,
    "dim": 2,
    "omega": 1.0,
    "n_wells": 2,
    "well_centers": [
      [
        -2.0,
        0.0
      ],
      [
        2.0,
        0.0
      ]
    ]
  },
  "entanglement": {
    "norm2_before_normalisation": 4.6099985641412555,
    "norm_M_squared": 1.0000000000000004,
    "von_neumann_entropy": 0.7248817786043672,
    "purity": 0.5556253171656576,
    "linear_entropy": 0.44437468283434245,
    "n_schmidt_terms": 25,
    "effective_schmidt_rank": 3,
    "negativity": 0.687131299947316,
    "log_negativity": 1.2474795097961402,
    "schmidt_values_top10": [
      0.8324661054781135,
      0.5218744883040516,
      0.1861374323232219,
      0.00019104318234363458,
      0.00014373007730389645,
      2.01384083895959e-05,
      1.8047843613984345e-05,
      7.240383010991909e-06,
      6.005731134181515e-06,
      3.689392255063544e-09
    ],
    "schmidt_probs_top10": [
      0.6929998167698976,
      0.27235298154261567,
      0.03464714371188202,
      3.649749751998321e-08,
      2.0658335121784048e-08,
      4.055554924661465e-10,
      3.2572465911483554e-10,
      5.242314614586026e-11,
      3.606880645607719e-11,
      1.3611615211722863e-17
    ]
  },
  "dot_projected_entanglement": {
    "projection_basis": "lowdin_localized_ho",
    "projection_basis_config": {
      "projection_basis": "localized_ho",
      "max_ho_shell": 1
    },
    "projected_subspace_weight": 0.9997708586140764,
    "sector_probabilities": {
      "LL": 0.23494931830635338,
      "LR": 0.3825253408468197,
      "RL": 0.3825253408468197,
      "RR": 7.525035607391716e-15
    },
    "projected_sector_probabilities": {
      "LL": 0.22867619476070639,
      "LR": 0.2709400152431104,
      "RL": 0.27094001524311045,
      "RR": 0.22944377475307282
    },
    "region_metadata": {
      "particle_1": {
        "basis_family": "lowdin_localized_ho",
        "max_ho_shell": 1,
        "n_basis_total": 6,
        "overlap_matrix_rank": 5,
        "well_metadata": [
          {
            "well_index": 0,
            "well_center": [
              -2.0,
              0.0
            ],
            "raw_mode_labels": [
              [
                0,
                0
              ],
              [
                0,
                1
              ],
              [
                1,
                0
              ]
            ],
            "n_raw_modes": 3,
            "n_orthonormal_modes": 3,
            "region_measure": 89.91111111111113,
            "region_point_count": 15
          },
          {
            "well_index": 1,
            "well_center": [
              2.0,
              0.0
            ],
            "raw_mode_labels": [
              [
                0,
                0
              ],
              [
                0,
                1
              ],
              [
                1,
                0
              ]
            ],
            "n_raw_modes": 3,
            "n_orthonormal_modes": 3,
            "region_measure": 50.0888888888889,
            "region_point_count": 10
          }
        ]
      },
      "particle_2": {
        "basis_family": "lowdin_localized_ho",
        "max_ho_shell": 1,
        "n_basis_total": 6,
        "overlap_matrix_rank": 5,
        "well_metadata": [
          {
            "well_index": 0,
            "well_center": [
              -2.0,
              0.0
            ],
            "raw_mode_labels": [
              [
                0,
                0
              ],
              [
                0,
                1
              ],
              [
                1,
                0
              ]
            ],
            "n_raw_modes": 3,
            "n_orthonormal_modes": 3,
            "region_measure": 89.91111111111113,
            "region_point_count": 15
          },
          {
            "well_index": 1,
            "well_center": [
              2.0,
              0.0
            ],
            "raw_mode_labels": [
              [
                0,
                0
              ],
              [
                0,
                1
              ],
              [
                1,
                0
              ]
            ],
            "n_raw_modes": 3,
            "n_orthonormal_modes": 3,
            "region_measure": 50.0888888888889,
            "region_point_count": 10
          }
        ]
      }
    },
    "basis_dimensions": {
      "particle_1": 6,
      "particle_2": 6
    },
    "amplitude_matrix": [
      [
        0.3678283629025183,
        7.752156954941289e-05,
        0.011790007480261667,
        0.4398742009246467,
        -6.64838774448997e-05,
        0.16847953656351247
      ],
      [
        7.75215695494099e-05,
        -5.1674922515069584e-05,
        4.203000763655901e-05,
        0.0001554304290784561,
        -7.161076443671431e-05,
        0.00015290969977523665
      ],
      [
        0.011790007480261702,
        4.203000763655891e-05,
        -0.305123685461916,
        -0.16789826123505514,
        1.291801581658064e-05,
        -0.1444834418974228
      ],
      [
        0.4398742009246467,
        0.0001554304290784575,
        -0.16789826123505525,
        0.36815179800082953,
        -5.507020925823979e-05,
        -0.011561999451054647
      ],
      [
        -6.648387744490068e-05,
        -7.161076443671431e-05,
        1.2918015816582247e-05,
        -5.507020925823954e-05,
        -5.1531749901889004e-05,
        1.564070202696365e-05
      ],
      [
        0.16847953656351247,
        0.00015290969977523988,
        -0.1444834418974229,
        -0.011561999451054612,
        1.5640702026962132e-05,
        -0.3060076134820448
      ]
    ],
    "direct_partial_transpose": {
      "negativity_direct": 0.6863102189894039,
      "log_negativity_direct": 1.2464813225950209,
      "min_eigenvalue": -0.4345198745239384,
      "n_negative_eigenvalues": 10,
      "negative_eigenvalues": [
        -0.4345198745239384,
        -0.1546281704775258,
        -0.09694167028421728,
        -0.00010254897479322942,
        -6.42914474877796e-05,
        -2.2878743839464033e-05,
        -1.6638647401310464e-05,
        -1.0431335153037216e-05,
        -3.712093197406705e-06,
        -2.461849933976864e-09
      ]
    },
    "dot_label_density_matrix": [
      [
        0.22867619476070639,
        0.2058903982950982,
        0.20589039829509823,
        0.22851420728268004
      ],
      [
        0.2058903982950982,
        0.27094001524311034,
        0.15778992354766533,
        0.206146791887845
      ],
      [
        0.20589039829509823,
        0.15778992354766533,
        0.2709400152431104,
        0.20614679188784504
      ],
      [
        0.22851420728268004,
        0.206146791887845,
        0.20614679188784504,
        0.22944377475307282
      ]
    ],
    "dot_label_partial_transpose": {
      "negativity": 0.0,
      "log_negativity": 0.0,
      "min_eigenvalue": 0.027285675849428717,
      "n_negative_eigenvalues": 0,
      "negative_eigenvalues": []
    },
    "von_neumann_entropy": 0.7244910430673474,
    "purity": 0.555769809056847,
    "linear_entropy": 0.44423019094315297,
    "n_schmidt_terms": 6,
    "effective_schmidt_rank": 3,
    "negativity": 0.6863102189894041,
    "log_negativity": 1.246481322595021,
    "schmidt_values_top10": [
      0.8325184794244322,
      0.5219342095857705,
      0.1857354212538672,
      0.00012317921743207834,
      1.9985919607213613e-05,
      1.2374168177952693e-17
    ],