{
  "source": "/itf-fi-ml/home/aleksns/Multi-Well-Quantum-Dots/results/p4_n3_nonmcmc_residual_anneal_s42_20260416_112916",
  "tau": null,
  "npts": 8,
  "n_grid_per_particle": 64,
  "partition": {
    "mode": "auto_left_right_well_blocks",
    "subsystem_axes": [
      0
    ],
    "complement_axes": [
      1,
      2
    ],
    "left_well_indices": [
      0
    ],
    "right_well_indices": [
      1,
      2
    ]
  },
  "dot_projection_config": {
    "basis": "localized_ho",
    "max_ho_shell": 1
  },
  "system": {
    "n_particles": 3,
    "dim": 2,
    "omega": 1.0,
    "n_wells": 3,
    "well_centers": [
      [
        -4.0,
        0.0
      ],
      [
        0.0,
        0.0
      ],
      [
        4.0,
        0.0
      ]
    ]
  },
  "entanglement": {
    "subsystem_axes": [
      0
    ],
    "complement_axes": [
      1,
      2
    ],
    "subsystem_dimension": 64,
    "complement_dimension": 4096,
    "norm2_before_normalisation": 43.11897469895791,
    "norm_tensor_squared": 1.0,
    "von_neumann_entropy": 0.6973406855986534,
    "purity": 0.49955947533095246,
    "linear_entropy": 0.5004405246690475,
    "n_schmidt_terms": 64,
    "effective_schmidt_rank": 2,
    "negativity": 0.5697560194918785,
    "log_negativity": 1.0972817969951938,
    "schmidt_values_top10": [
      0.7095508357038088,
      0.7043220370420055,
      0.018377787909856034,
      0.006819253010915296,
      0.005945678767126042,
      0.0051800718792106865,
      0.0025855755941526556,
      0.0022442673659455866,
      0.0022360934702645324,
      0.0016219125507290473
    ],
    "schmidt_probs_top10": [
      0.5034623884479735,
      0.4960695318630001,
      0.0003377430884596506,
      4.6502211626877334e-05,
      3.535109600185345e-05,
      2.6833144673789332e-05,
      6.685201153077858e-06,
      5.036736009848342e-06,
      5.000114007759679e-06,
      2.6306003222124045e-06
    ]
  },
  "dot_projected_entanglement": null
}