{
  "source": "/itf-fi-ml/home/aleksns/Multi-Well-Quantum-Dots/results/p4_n3_nonmcmc_residual_anneal_s42_20260416_112916",
  "tau": null,
  "npts": 5,
  "n_grid_per_particle": 25,
  "partition": {
    "mode": "auto_left_right_well_blocks",
    "subsystem_axes": [
      0
    ],
    "complement_axes": [
      1,
      2
    ],
    "left_well_indices": [
      0
    ],
    "right_well_indices": [
      1,
      2
    ]
  },
  "dot_projection_config": {
    "basis": "localized_ho",
    "max_ho_shell": 1
  },
  "system": {
    "n_particles": 3,
    "dim": 2,
    "omega": 1.0,
    "n_wells": 3,
    "well_centers": [
      [
        -4.0,
        0.0
      ],
      [
        0.0,
        0.0
      ],
      [
        4.0,
        0.0
      ]
    ]
  },
  "entanglement": {
    "subsystem_axes": [
      0
    ],
    "complement_axes": [
      1,
      2
    ],
    "subsystem_dimension": 25,
    "complement_dimension": 625,
    "norm2_before_normalisation": 460.1372940874297,
    "norm_tensor_squared": 0.9999999999999999,
    "von_neumann_entropy": 0.46157726765875406,
    "purity": 0.7131101733917408,
    "linear_entropy": 0.28688982660825924,
    "n_schmidt_terms": 25,
    "effective_schmidt_rank": 2,
    "negativity": 0.3828819620320155,
    "log_negativity": 0.8202924730268201,
    "schmidt_values_top10": [
      0.9090816930370568,
      0.4166099638802053,
      0.0025505890636865116,
      0.00029113303900517193,
      0.00011597668409823504,
      8.055746296769442e-05,
      3.9686623287798644e-05,
      3.8991344843100743e-05,
      8.505147628296981e-06,
      3.124983079082964e-06
    ],
    "schmidt_probs_top10": [
      0.8264295246151215,
      0.173563862004266,
      6.505504571797236e-06,
      8.475844640038696e-08,
      1.3450591254421804e-08,
      6.489504839791458e-09,
      1.5750280679876416e-09,
      1.520324972673599e-09,
      7.233753617912576e-11,
      9.765519244554843e-12
    ]
  },
  "dot_projected_entanglement": null
}