{
  "source": "/itf-fi-ml/home/aleksns/Multi-Well-Quantum-Dots/results/p4_n3_nonmcmc_residual_anneal_s42_20260416_112916",
  "tau": null,
  "npts": 6,
  "n_grid_per_particle": 36,
  "partition": {
    "mode": "auto_left_right_well_blocks",
    "subsystem_axes": [
      0
    ],
    "complement_axes": [
      1,
      2
    ],
    "left_well_indices": [
      0
    ],
    "right_well_indices": [
      1,
      2
    ]
  },
  "dot_projection_config": {
    "basis": "localized_ho",
    "max_ho_shell": 1
  },
  "system": {
    "n_particles": 3,
    "dim": 2,
    "omega": 1.0,
    "n_wells": 3,
    "well_centers": [
      [
        -4.0,
        0.0
      ],
      [
        0.0,
        0.0
      ],
      [
        4.0,
        0.0
      ]
    ]
  },
  "entanglement": {
    "subsystem_axes": [
      0
    ],
    "complement_axes": [
      1,
      2
    ],
    "subsystem_dimension": 36,
    "complement_dimension": 1296,
    "norm2_before_normalisation": 4.198118901187483,
    "norm_tensor_squared": 1.0000000000000002,
    "von_neumann_entropy": 0.6339549456163737,
    "purity": 0.5769791519785924,
    "linear_entropy": 0.4230208480214076,
    "n_schmidt_terms": 36,
    "effective_schmidt_rank": 2,
    "negativity": 0.6238931455255237,
    "log_negativity": 1.168504877419586,
    "schmidt_values_top10": [
      0.8358497693453734,
      0.5459961404570931,
      0.042400292782442346,
      0.024860286480209496,
      0.021774127857857515,
      0.015341112696356666,
      0.010689726205833295,
      0.0019367227793405533,
      0.00026338314006935304,
      6.462649391703829e-05
    ],
    "schmidt_probs_top10": [
      0.6986448369147138,
      0.29811178539404176,
      0.0017977848280368324,
      0.000618033843878087,
      0.0004741126439703267,
      0.00023534973876231568,
      0.00011427024635567909,
      3.7508951240165977e-06,
      6.937067847279245e-08,
      4.176583716008988e-09
    ]
  },
  "dot_projected_entanglement": null
}