{
  "source": "/itf-fi-ml/home/aleksns/Multi-Well-Quantum-Dots/results/p4_n3_nonmcmc_residual_anneal_s42_20260416_112916",
  "tau": null,
  "npts": 7,
  "n_grid_per_particle": 49,
  "partition": {
    "mode": "auto_left_right_well_blocks",
    "subsystem_axes": [
      0
    ],
    "complement_axes": [
      1,
      2
    ],
    "left_well_indices": [
      0
    ],
    "right_well_indices": [
      1,
      2
    ]
  },
  "dot_projection_config": {
    "basis": "localized_ho",
    "max_ho_shell": 1
  },
  "system": {
    "n_particles": 3,
    "dim": 2,
    "omega": 1.0,
    "n_wells": 3,
    "well_centers": [
      [
        -4.0,
        0.0
      ],
      [
        0.0,
        0.0
      ],
      [
        4.0,
        0.0
      ]
    ]
  },
  "entanglement": {
    "subsystem_axes": [
      0
    ],
    "complement_axes": [
      1,
      2
    ],
    "subsystem_dimension": 49,
    "complement_dimension": 2401,
    "norm2_before_normalisation": 37.749756030129504,
    "norm_tensor_squared": 0.9999999999999996,
    "von_neumann_entropy": 0.6875682761558944,
    "purity": 0.5092178922547859,
    "linear_entropy": 0.49078210774521414,
    "n_schmidt_terms": 49,
    "effective_schmidt_rank": 2,
    "negativity": 0.557294240028688,
    "log_negativity": 1.0803769278622706,
    "schmidt_values_top10": [
      0.7545747473845964,
      0.6558508242253372,
      0.019764820265663712,
      0.005292221592515765,
      0.0052221507593422185,
      0.004251241698646744,
      0.002477829227217877,
      0.0015421998080394352,
      0.0013061099800666456,
      0.000954532539093866
    ],
    "schmidt_probs_top10": [
      0.5693830493905274,
      0.4301403036370542,
      0.000390648120133991,
      2.8007609384290104e-05,
      2.7270858553298508e-05,
      1.8073055980312855e-05,
      6.139637679255141e-06,
      2.378380247916871e-06,
      1.7059232800296934e-06,
      9.111323681889828e-07
    ]
  },
  "dot_projected_entanglement": null
}