{
  "source": "/itf-fi-ml/home/aleksns/Multi-Well-Quantum-Dots/results/p4_n3_nonmcmc_residual_anneal_s42_20260416_112916",
  "tau": null,
  "npts": 5,
  "n_grid_per_particle": 25,
  "partition": {
    "mode": "auto_left_right_well_blocks",
    "subsystem_axes": [
      0
    ],
    "complement_axes": [
      1,
      2
    ],
    "left_well_indices": [
      0
    ],
    "right_well_indices": [
      1,
      2
    ]
  },
  "dot_projection_config": {
    "basis": "localized_ho",
    "max_ho_shell": 1
  },
  "system": {
    "n_particles": 3,
    "dim": 2,
    "omega": 1.0,
    "n_wells": 3,
    "well_centers": [
      [
        -4.0,
        0.0
      ],
      [
        0.0,
        0.0
      ],
      [
        4.0,
        0.0
      ]
    ]
  },
  "entanglement": {
    "subsystem_axes": [
      0
    ],
    "complement_axes": [
      1,
      2
    ],
    "subsystem_dimension": 25,
    "complement_dimension": 625,
    "norm2_before_normalisation": 23.42012001961037,
    "norm_tensor_squared": 0.9999999999999998,
    "von_neumann_entropy": 0.21521789103759892,
    "purity": 0.8969426986249184,
    "linear_entropy": 0.10305730137508162,
    "n_schmidt_terms": 25,
    "effective_schmidt_rank": 2,
    "negativity": 0.2762898552484171,
    "log_negativity": 0.6346673392904607,
    "schmidt_values_top10": [
      0.9723887375949225,
      0.23199454444945142,
      0.023878638882994258,
      0.006208691952893022,
      0.0040706113593172045,
      0.002916823565274568,
      0.0016851123423146706,
      0.0010270467007643016,
      0.0008182988963244624,
      0.000436807032227881
    ],
    "schmidt_probs_top10": [
      0.945539857001447,
      0.05382146865430849,
      0.0005701893949044453,
      3.8547855765918566e-05,
      1.656987683860226e-05,
      8.507859710941041e-06,
      2.8396036062212357e-06,
      1.054824925550837e-06,
      6.696130837258333e-07,
      1.9080038340372907e-07
    ]
  },
  "dot_projected_entanglement": null
}