{
  "source": "/itf-fi-ml/home/aleksns/Multi-Well-Quantum-Dots/results/p4_n3_nonmcmc_residual_anneal_s42__stageB_noref_20260424_094954",
  "tau": null,
  "npts": 3,
  "n_grid_per_particle": 9,
  "partition": {
    "mode": "auto_left_right_well_blocks",
    "subsystem_axes": [
      0
    ],
    "complement_axes": [
      1,
      2
    ],
    "left_well_indices": [
      0
    ],
    "right_well_indices": [
      1,
      2
    ]
  },
  "dot_projection_config": {
    "basis": "localized_ho",
    "max_ho_shell": 1
  },
  "system": {
    "n_particles": 3,
    "dim": 2,
    "omega": 1.0,
    "n_wells": 3,
    "well_centers": [
      [
        -4.0,
        0.0
      ],
      [
        0.0,
        0.0
      ],
      [
        4.0,
        0.0
      ]
    ]
  },
  "entanglement": {
    "subsystem_axes": [
      0
    ],
    "complement_axes": [
      1,
      2
    ],
    "subsystem_dimension": 9,
    "complement_dimension": 81,
    "norm2_before_normalisation": 1199.8320137351006,
    "norm_tensor_squared": 1.0,
    "von_neumann_entropy": 0.0030427291985637107,
    "purity": 0.9993651092571396,
    "linear_entropy": 0.0006348907428603834,
    "n_schmidt_terms": 9,
    "effective_schmidt_rank": 1,
    "negativity": 0.027535296257945263,
    "log_negativity": 0.07733952980019383,
    "schmidt_values_top10": [
      0.9998412211252166,
      0.016377583576111306,
      0.00618498475733722,
      0.0031532014583348054,
      0.0009652795265560781,
      0.00037102695457190627,
      0.00019024382156451592,
      6.909740910074511e-05,
      1.3653904158998581e-05
    ],
    "schmidt_probs_top10": [
      0.9996824674611642,
      0.0002682252437925108,
      3.825403644849375e-05,
      9.942679436844743e-06,
      9.317645643883264e-07,
      1.376610010189034e-07,
      3.619271164347137e-08,
      4.774451944435733e-09,
      1.8642909878311875e-10
    ]
  },
  "dot_projected_entanglement": null
}