{
  "source": "/itf-fi-ml/home/aleksns/Multi-Well-Quantum-Dots/results/p4_n3_nonmcmc_residual_anneal_s42__stageB_noref_20260424_094930",
  "tau": null,
  "npts": 3,
  "n_grid_per_particle": 9,
  "partition": {
    "mode": "auto_left_right_well_blocks",
    "subsystem_axes": [
      0
    ],
    "complement_axes": [
      1,
      2
    ],
    "left_well_indices": [
      0
    ],
    "right_well_indices": [
      1,
      2
    ]
  },
  "dot_projection_config": {
    "basis": "localized_ho",
    "max_ho_shell": 1
  },
  "system": {
    "n_particles": 3,
    "dim": 2,
    "omega": 1.0,
    "n_wells": 3,
    "well_centers": [
      [
        -4.0,
        0.0
      ],
      [
        0.0,
        0.0
      ],
      [
        4.0,
        0.0
      ]
    ]
  },
  "entanglement": {
    "subsystem_axes": [
      0
    ],
    "complement_axes": [
      1,
      2
    ],
    "subsystem_dimension": 9,
    "complement_dimension": 81,
    "norm2_before_normalisation": 360.2521075316053,
    "norm_tensor_squared": 0.9999999999999998,
    "von_neumann_entropy": 0.0026072748479702597,
    "purity": 0.9994564871736514,
    "linear_entropy": 0.0005435128263485689,
    "n_schmidt_terms": 9,
    "effective_schmidt_rank": 1,
    "negativity": 0.023938274506400625,
    "log_negativity": 0.0674687620874113,
    "schmidt_values_top10": [
      0.9998640789821873,
      0.015643935371062675,
      0.004726582446785638,
      0.0019271392730201861,
      0.0009446555359468951,
      0.0003513509020118491,
      0.00013178476353070578,
      5.491707435390905e-05,
      1.3969875690384575e-05
    ],
    "schmidt_probs_top10": [
      0.9997281764388978,
      0.00024473271389398587,
      2.234058162626211e-05,
      3.7138657776167717e-06,
      8.923740815951156e-07,
      1.2344745634454e-07,
      1.736722389884404e-08,
      3.0158850555927754e-09,
      1.9515742680479788e-10
    ]
  },
  "dot_projected_entanglement": null
}