{
  "source": "/itf-fi-ml/home/aleksns/Multi-Well-Quantum-Dots/results/p4_n3_nonmcmc_residual_anneal_s42__stageB_noref_20260424_095005",
  "tau": null,
  "npts": 3,
  "n_grid_per_particle": 9,
  "partition": {
    "mode": "auto_left_right_well_blocks",
    "subsystem_axes": [
      0
    ],
    "complement_axes": [
      1,
      2
    ],
    "left_well_indices": [
      0
    ],
    "right_well_indices": [
      1,
      2
    ]
  },
  "dot_projection_config": {
    "basis": "localized_ho",
    "max_ho_shell": 1
  },
  "system": {
    "n_particles": 3,
    "dim": 2,
    "omega": 1.0,
    "n_wells": 3,
    "well_centers": [
      [
        -4.0,
        0.0
      ],
      [
        0.0,
        0.0
      ],
      [
        4.0,
        0.0
      ]
    ]
  },
  "entanglement": {
    "subsystem_axes": [
      0
    ],
    "complement_axes": [
      1,
      2
    ],
    "subsystem_dimension": 9,
    "complement_dimension": 81,
    "norm2_before_normalisation": 460.51369254183044,
    "norm_tensor_squared": 1.0,
    "von_neumann_entropy": 0.0029016203489838754,
    "purity": 0.9993935768287144,
    "linear_entropy": 0.0006064231712855639,
    "n_schmidt_terms": 9,
    "effective_schmidt_rank": 1,
    "negativity": 0.026372220102627852,
    "log_negativity": 0.07415525631015439,
    "schmidt_values_top10": [
      0.9998483420281244,
      0.016249894862158817,
      0.005550932279321283,
      0.0026808011711308127,
      0.0010034803115438029,
      0.0004152050593702908,
      0.0002307430452839892,
      3.817198946263544e-05,
      1.5781638045505573e-05
    ],
    "schmidt_probs_top10": [
      0.9996967070563894,
      0.00026405908303121556,
      3.081284916961097e-05,
      7.186694919136337e-06,
      1.0069727356560477e-06,
      1.723952413266867e-07,
      5.324235294692909e-08,
      1.4571007795355511e-09,
      2.4906009939934895e-10
    ]
  },
  "dot_projected_entanglement": null
}