{
  "source": "/itf-fi-ml/home/aleksns/Multi-Well-Quantum-Dots/results/p4_n3_nonmcmc_residual_anneal_s42_20260416_112916",
  "tau": null,
  "npts": 6,
  "n_grid_per_particle": 36,
  "partition": {
    "mode": "explicit_particle_partition",
    "subsystem_axes": [
      2
    ],
    "complement_axes": [
      0,
      1
    ]
  },
  "dot_projection_config": {
    "basis": "localized_ho",
    "max_ho_shell": 1
  },
  "system": {
    "n_particles": 3,
    "dim": 2,
    "omega": 1.0,
    "n_wells": 3,
    "well_centers": [
      [
        -4.0,
        0.0
      ],
      [
        0.0,
        0.0
      ],
      [
        4.0,
        0.0
      ]
    ]
  },
  "entanglement": {
    "subsystem_axes": [
      2
    ],
    "complement_axes": [
      0,
      1
    ],
    "subsystem_dimension": 36,
    "complement_dimension": 1296,
    "norm2_before_normalisation": 28.080217030947367,
    "norm_tensor_squared": 1.0,
    "von_neumann_entropy": 0.010621217884574818,
    "purity": 0.9973889521529449,
    "linear_entropy": 0.0026110478470551257,
    "n_schmidt_terms": 36,
    "effective_schmidt_rank": 1,
    "negativity": 0.062207895445390515,
    "log_negativity": 0.16917561966320696,
    "schmidt_values_top10": [
      0.9993462541771653,
      0.034193519328747084,
      0.007125937021010325,
      0.0063471717988425064,
      0.005413322446328949,
      0.003579537226060306,
      0.0019491847656460677,
      0.0005395804545260782,
      0.0004715858749716481,
      0.0003829185462421866
    ],
    "schmidt_probs_top10": [
      0.9986929357379314,
      0.0011691967640854004,
      5.077897842740551e-05,
      4.028658984402162e-05,
      2.930405990792884e-05,
      1.2813086752751512e-05,
      3.799321250626716e-06,
      2.911470669065692e-07,
      2.2239323747277492e-07,
      1.4662661305622963e-07
    ]
  },
  "dot_projected_entanglement": null
}