{
  "source": "/itf-fi-ml/home/aleksns/Multi-Well-Quantum-Dots/results/p4_n3_nonmcmc_residual_anneal_s42_20260416_112916",
  "tau": null,
  "npts": 5,
  "n_grid_per_particle": 25,
  "partition": {
    "mode": "explicit_particle_partition",
    "subsystem_axes": [
      2
    ],
    "complement_axes": [
      0,
      1
    ]
  },
  "dot_projection_config": {
    "basis": "localized_ho",
    "max_ho_shell": 1
  },
  "system": {
    "n_particles": 3,
    "dim": 2,
    "omega": 1.0,
    "n_wells": 3,
    "well_centers": [
      [
        -4.0,
        0.0
      ],
      [
        0.0,
        0.0
      ],
      [
        4.0,
        0.0
      ]
    ]
  },
  "entanglement": {
    "subsystem_axes": [
      2
    ],
    "complement_axes": [
      0,
      1
    ],
    "subsystem_dimension": 25,
    "complement_dimension": 625,
    "norm2_before_normalisation": 23.42012001961037,
    "norm_tensor_squared": 0.9999999999999998,
    "von_neumann_entropy": 0.008155602766871694,
    "purity": 0.9980419066562163,
    "linear_entropy": 0.001958093343783718,
    "n_schmidt_terms": 25,
    "effective_schmidt_rank": 1,
    "negativity": 0.050636699724885936,
    "log_negativity": 0.1391726733218535,
    "schmidt_values_top10": [
      0.9995099143328409,
      0.029965828889283317,
      0.006503137198325964,
      0.004643299747924485,
      0.002974088089215863,
      0.0025104737664059782,
      0.0014512912384796602,
      0.0006926160091189366,
      0.00046580597305563424,
      0.0003889235406920901
    ],
    "schmidt_probs_top10": [
      0.9990200688496429,
      0.0008979509010218067,
      4.229079342025087e-05,
      2.156023254907559e-05,
      8.845199962415664e-06,
      6.302478531812618e-06,
      2.106246258887826e-06,
      4.797169360878428e-07,
      2.1697520453430626e-07,
      1.5126152050447189e-07
    ]
  },
  "dot_projected_entanglement": null
}