{
  "source": "/itf-fi-ml/home/aleksns/Multi-Well-Quantum-Dots/results/p4_n3_nonmcmc_residual_anneal_s42__stageB_noref_20260423_223139",
  "tau": null,
  "npts": 3,
  "n_grid_per_particle": 9,
  "partition": {
    "mode": "explicit_particle_partition",
    "subsystem_axes": [
      0
    ],
    "complement_axes": [
      1,
      2
    ]
  },
  "dot_projection_config": {
    "basis": "localized_ho",
    "max_ho_shell": 1
  },
  "system": {
    "n_particles": 3,
    "dim": 2,
    "omega": 1.0,
    "n_wells": 3,
    "well_centers": [
      [
        -4.0,
        0.0
      ],
      [
        0.0,
        0.0
      ],
      [
        4.0,
        0.0
      ]
    ]
  },
  "entanglement": {
    "subsystem_axes": [
      0
    ],
    "complement_axes": [
      1,
      2
    ],
    "subsystem_dimension": 9,
    "complement_dimension": 81,
    "norm2_before_normalisation": 229.99290543134003,
    "norm_tensor_squared": 0.9999999999999999,
    "von_neumann_entropy": 0.0024037906901871304,
    "purity": 0.9995071078508021,
    "linear_entropy": 0.0004928921491978988,
    "n_schmidt_terms": 9,
    "effective_schmidt_rank": 1,
    "negativity": 0.023428564284048936,
    "log_negativity": 0.06606456168523023,
    "schmidt_values_top10": [
      0.9998767423204923,
      0.014708555285054315,
      0.004936073032938777,
      0.002203914904778149,
      0.0008996425161697715,
      0.0003125106014290231,
      0.0001655804036537928,
      4.332672525462114e-05,
      1.4017285391595715e-05
    ],
    "schmidt_probs_top10": [
      0.9997534998334401,
      0.00021634159857349922,
      2.4364816986505414e-05,
      4.8572409075032774e-06,
      8.093566569002776e-07,
      9.766287600552975e-08,
      2.7416870074152955e-08,
      1.8772051212894254e-09,
      1.9648428974944263e-10
    ]
  },
  "dot_projected_entanglement": null
}