{
  "source": "/itf-fi-ml/home/aleksns/Multi-Well-Quantum-Dots/results/p4_n4_nonmcmc_residual_anneal_s42_20260416_113343",
  "tau": null,
  "npts": 5,
  "n_grid_per_particle": 25,
  "partition": {
    "mode": "auto_left_right_well_blocks",
    "subsystem_axes": [
      0,
      1
    ],
    "complement_axes": [
      2,
      3
    ],
    "left_well_indices": [
      0,
      1
    ],
    "right_well_indices": [
      2,
      3
    ]
  },
  "dot_projection_config": {
    "basis": "localized_ho",
    "max_ho_shell": 1
  },
  "system": {
    "n_particles": 4,
    "dim": 2,
    "omega": 1.0,
    "n_wells": 4,
    "well_centers": [
      [
        -6.0,
        0.0
      ],
      [
        -2.0,
        0.0
      ],
      [
        2.0,
        0.0
      ],
      [
        6.0,
        0.0
      ]
    ]
  },
  "entanglement": {
    "subsystem_axes": [
      0,
      1
    ],
    "complement_axes": [
      2,
      3
    ],
    "subsystem_dimension": 625,
    "complement_dimension": 625,
    "norm2_before_normalisation": 10163121.175310828,
    "norm_tensor_squared": 0.9999999999999998,
    "von_neumann_entropy": 0.0030315407050144675,
    "purity": 0.9994332636403389,
    "linear_entropy": 0.0005667363596610908,
    "n_schmidt_terms": 625,
    "effective_schmidt_rank": 1,
    "negativity": 0.042786319081045576,
    "log_negativity": 0.11845626322631597,
    "schmidt_values_top10": [
      0.9998582804855458,
      0.01049586417918424,
      0.008114718917067455,
      0.007841732790703753,
      0.005459172785162359,
      0.0023691954057421154,
      0.0019894270096353917,
      0.001660506063568479,
      0.0015193057000611025,
      0.0010787879190589198
    ],
    "schmidt_probs_top10": [
      0.9997165810555124,
      0.00011016316486788284,
      6.584866310301241e-05,
      6.149277316079847e-05,
      2.9802567498257344e-05,
      5.6130868705895465e-06,
      3.957819826666817e-06,
      2.7572803871476857e-06,
      2.308289810238157e-06,
      1.1637833743074745e-06
    ]
  },
  "dot_projected_entanglement": null
}