{
  "source": "results/p5_n8_nonmcmc_residual_s42_20260420_141356",
  "tau": null,
  "npts": 3,
  "n_grid_per_particle": 9,
  "partition": {
    "mode": "explicit_particle_partition",
    "subsystem_axes": [
      0,
      1
    ],
    "complement_axes": [
      2,
      3,
      4,
      5,
      6,
      7
    ]
  },
  "dot_projection_config": {
    "basis": "localized_ho",
    "max_ho_shell": 1
  },
  "system": {
    "n_particles": 8,
    "dim": 2,
    "omega": 1.0,
    "n_wells": 8,
    "well_centers": [
      [
        -14.0,
        0.0
      ],
      [
        -10.0,
        0.0
      ],
      [
        -6.0,
        0.0
      ],
      [
        -2.0,
        0.0
      ],
      [
        2.0,
        0.0
      ],
      [
        6.0,
        0.0
      ],
      [
        10.0,
        0.0
      ],
      [
        14.0,
        0.0
      ]
    ]
  },
  "entanglement": {
    "subsystem_axes": [
      0,
      1
    ],
    "complement_axes": [
      2,
      3,
      4,
      5,
      6,
      7
    ],
    "subsystem_dimension": 81,
    "complement_dimension": 531441,
    "norm2_before_normalisation": 2.5386244032991752e+42,
    "norm_tensor_squared": 0.9999999999999993,
    "von_neumann_entropy": 0.03886182390802579,
    "purity": 0.9874702740710197,
    "linear_entropy": 0.012529725928980273,
    "n_schmidt_terms": 81,
    "effective_schmidt_rank": 1,
    "negativity": 0.09775108116521303,
    "log_negativity": 0.25761673948539304,
    "schmidt_values_top10": [
      0.996843085847264,
      0.07864145020574997,
      0.010463594849333388,
      0.0023797847150330274,
      0.001446160232570639,
      0.0009370055096859629,
      0.000777965943499638,
      0.0005924811549638633,
      0.0003767942627581762,
      0.0003464731786973918
    ],
    "schmidt_probs_top10": [
      0.9936961378014958,
      0.006184477690463453,
      0.00010948681717099621,
      5.663375289904827e-06,
      2.0913794182687645e-06,
      8.779793251818512e-07,
      6.05231009245282e-07,
      3.510339189873134e-07,
      1.419739164474775e-07,
      1.200436635566748e-07
    ]
  },
  "dot_projected_entanglement": null
}