{
  "baseline": {
    "n2": {
      "dir": "p4_n2_nonmcmc_residual_anneal_s42_20260414_150947",
      "n_samples": 4096,
      "fd_h_eval": 0.01,
      "E_mean": 2.453494616193126,
      "E_std": 0.5330215662030985,
      "E_stderr": 0.008328461971923414,
      "T_mean": 1.0305111740119943,
      "T_stderr": 0.014795011837702985,
      "V_trap_mean": 1.0005739898309012,
      "V_trap_stderr": 0.010712267888915846,
      "V_int_mean": 0.42240945235023064,
      "V_int_stderr": 0.007424955696139486,
      "r_dot_gradV_mean": 1.4930384039088738,
      "r_dot_gradV_stderr": 0.038362747485608376,
      "old_virial_lhs": 2.0610223480239886,
      "old_virial_rhs": 1.5787385273115717,
      "old_virial_residual": 0.48228382071241693,
      "old_virial_relative": 0.1965701565144393,
      "new_virial_lhs": 2.0610223480239886,
      "new_virial_rhs": 1.4930384039088738,
      "new_virial_residual": 0.5679839441151149,
      "new_virial_relative": 0.23149997573518466
    },
    "n3": {
      "dir": "p4_n3_nonmcmc_residual_anneal_s42_20260416_112916",
      "n_samples": 4096,
      "fd_h_eval": 0.01,
      "E_mean": 3.64949929553468,
      "E_std": 0.17588996329504702,
      "E_stderr": 0.0027482806764851098,
      "T_mean": 1.5571514583760617,
      "T_stderr": 0.01349470880999389,
      "V_trap_mean": 1.4445020035353653,
      "V_trap_stderr": 0.012768164349785442,
      "V_int_mean": 0.6478458336232524,
      "V_int_stderr": 0.0016263491883407126,
      "r_dot_gradV_mean": 2.1375409982490012,
      "r_dot_gradV_stderr": 0.06381182701495694,
      "old_virial_lhs": 3.1143029167521235,
      "old_virial_rhs": 2.241158173447478,
      "old_virial_residual": 0.8731447433046453,
      "old_virial_relative": 0.23925055811710272,
      "new_virial_lhs": 3.1143029167521235,
      "new_virial_rhs": 2.1375409982490012,
      "new_virial_residual": 0.9767619185031222,
      "new_virial_relative": 0.2676427201118336
    },
    "n4": {
      "dir": "p4_n4_nonmcmc_residual_anneal_s42_20260416_113343",
      "n_samples": 4096,
      "fd_h_eval": 0.01,
      "E_mean": 5.1046779698039115,
      "E_std": 0.13481455549074822,
      "E_stderr": 0.002106477429542941,
      "T_mean": 2.069804878018334,
      "T_stderr": 0.015558015398205513,
      "V_trap_mean": 1.9401124420295497,
      "V_trap_stderr": 0.01510972074963078,
      "V_int_mean": 1.0947606497560274,
      "V_int_stderr": 0.0015911413398283182,
      "r_dot_gradV_mean": 3.5839401730855798,
      "r_dot_gradV_stderr": 0.10082144983070057,
      "old_virial_lhs": 4.139609756036668,
      "old_virial_rhs": 2.785464234303072,
      "old_virial_residual": 1.3541455217335958,
      "old_virial_relative": 0.2652754061556626,
      "new_virial_lhs": 4.139609756036668,
      "new_virial_rhs": 3.5839401730855798,
      "new_virial_residual": 0.5556695829510883,
      "new_virial_relative": 0.10885497307334227
    }
  },
  "noref": {
    "n2": [
      {
        "dir": "p6_n2_nonmcmc_residual_noref_s314_20260422_123958",
        "n_samples": 4096,
        "fd_h_eval": 0.01,
        "E_mean": 2.447275642370421,
        "E_std": 0.5158520574585543,
        "E_stderr": 0.008060188397789912,
        "T_mean": 1.0092061588782777,
        "T_stderr": 0.015194416515482442,
        "V_trap_mean": 1.0214156240408259,
        "V_trap_stderr": 0.011372620503849034,
        "V_int_mean": 0.41665385945131744,
        "V_int_stderr": 0.008074729597063384,
        "r_dot_gradV_mean": 1.7749477213143552,
        "r_dot_gradV_stderr": 0.0426441421898375,
        "old_virial_lhs": 2.0184123177565554,
        "old_virial_rhs": 1.6261773886303343,
        "old_virial_residual": 0.39223492912622104,
        "old_virial_relative": 0.16027411147945064,
        "new_virial_lhs": 2.0184123177565554,
        "new_virial_rhs": 1.7749477213143552,
        "new_virial_residual": 0.2434645964422002,
        "new_virial_relative": 0.09948392907894159
      },
      {
        "dir": "p6_n2_nonmcmc_residual_noref_s42_20260422_123706",
        "n_samples": 4096,
        "fd_h_eval": 0.01,
        "E_mean": 2.4516968374867507,
        "E_std": 0.5100781978549312,
        "E_stderr": 0.0079699718414833,
        "T_mean": 1.0462537946368458,
        "T_stderr": 0.013203502261048956,
        "V_trap_mean": 1.0104103783423168,
        "V_trap_stderr": 0.010973026528779708,
        "V_int_mean": 0.39503266450758845,
        "V_int_stderr": 0.0058703625399674905,
        "r_dot_gradV_mean": 1.7715825130141711,
        "r_dot_gradV_stderr": 0.040197741114967565,
        "old_virial_lhs": 2.0925075892736915,
        "old_virial_rhs": 1.6257880921770451,
        "old_virial_residual": 0.4667194970966464,
        "old_virial_relative": 0.19036590901470649,
        "new_virial_lhs": 2.0925075892736915,
        "new_virial_rhs": 1.7715825130141711,
        "new_virial_residual": 0.3209250762595204,
        "new_virial_relative": 0.13089916801805832
      },
      {
        "dir": "p6_n2_nonmcmc_residual_noref_s901_20260422_124237",
        "n_samples": 4096,
        "fd_h_eval": 0.01,
        "E_mean": 2.5727048240737704,
        "E_std": 0.7944435578217085,
        "E_stderr": 0.012413180590964195,
        "T_mean": 1.038803380859918,
        "T_stderr": 0.02004558247017541,
        "V_trap_mean": 0.9813704719011385,
        "V_trap_stderr": 0.010778695981370136,
        "V_int_mean": 0.5525309713127141,
        "V_int_stderr": 0.012179598041018857,
        "r_dot_gradV_mean": 1.1937503585173417,
        "r_dot_gradV_stderr": 0.040295112424279564,
        "old_virial_lhs": 2.077606761719836,
        "old_virial_rhs": 1.4102099724895627,
        "old_virial_residual": 0.6673967892302732,
        "old_virial_relative": 0.25941444311262973,
        "new_virial_lhs": 2.077606761719836,
        "new_virial_rhs": 1.1937503585173417,
        "new_virial_residual": 0.8838564032024943,
        "new_virial_relative": 0.34355142297395186
      }
    ],
    "n3": [
      {
        "dir": "p6_n3_nonmcmc_residual_noref_s314_20260422_124431",
        "n_samples": 4096,
        "fd_h_eval": 0.01,
        "E_mean": 3.632881887508813,
        "E_std": 0.12886387256646126,
        "E_stderr": 0.002013498008850957,
        "T_mean": 1.5070984079794412,
        "T_stderr": 0.013179886094934978,
        "V_trap_mean": 1.4918766068692841,
        "V_trap_stderr": 0.012809615394756715,
        "V_int_mean": 0.6339068726600878,
        "V_int_stderr": 0.0015334476166883554,
        "r_dot_gradV_mean": 2.7991742154142254,
        "r_dot_gradV_stderr": 0.06811700272576697,
        "old_virial_lhs": 3.0141968159588823,
        "old_virial_rhs": 2.3498463410784804,
        "old_virial_residual": 0.6643504748804019,
        "old_virial_relative": 0.18287147654447114,
        "new_virial_lhs": 3.0141968159588823,
        "new_virial_rhs": 2.7991742154142254,
        "new_virial_residual": 0.21502260054465694,
        "new_virial_relative": 0.05918788642261778
      },
      {
        "dir": "p6_n3_nonmcmc_residual_noref_s42_20260422_123925",
        "n_samples": 4096,
        "fd_h_eval": 0.01,
        "E_mean": 3.6328218157047116,
        "E_std": 0.12827652504353657,
        "E_stderr": 0.002004320703805259,
        "T_mean": 1.5132374876849937,
        "T_stderr": 0.013510901543283296,
        "V_trap_mean": 1.4862880345945162,
        "V_trap_stderr": 0.013165937578991354,
        "V_int_mean": 0.6332962934252019,
        "V_int_stderr": 0.0014551021325258434,
        "r_dot_gradV_mean": 2.7703625924061654,
        "r_dot_gradV_stderr": 0.06996434887022306,
        "old_virial_lhs": 3.0264749753699873,
        "old_virial_rhs": 2.3392797757638304,
        "old_virial_residual": 0.6871951996061569,
        "old_virial_relative": 0.18916292470921853,
        "new_virial_lhs": 3.0264749753699873,
        "new_virial_rhs": 2.7703625924061654,
        "new_virial_residual": 0.2561123829638219,