{
  "sep": 8.0,
  "B_pre": 0.0,
  "B_post": 0.5,
  "omega": 1.0,
  "kappa": 0.7,
  "pre": {
    "B": 0.0,
    "E0": 2.7519597659879174,
    "gap": 0.07664738730190024,
    "eigenvalues": [
      2.7519597659879174,
      2.8286071532898176,
      2.8286071532898234,
      2.8286071532898283,
      2.9600433810202897,
      3.031078355491344,
      4.242593369190189,
      4.2425933691901925
    ],
    "spin_weights": {
      "singlet": 0.9999999999999997,
      "triplet_0": 1.1845239529962125e-29,
      "triplet_m": 1.925929944387236e-34,
      "triplet_p": 3.0849673748655372e-34
    },
    "dominant_spin": "singlet",
    "entanglement": {
      "entropy": 0.6931470521953501,
      "purity": 0.5000001377176599,
      "linear_entropy": 0.49999986228234006,
      "negativity": 0.5000578928032096,
      "log_negativity": 0.5000417596212677,
      "schmidt_values": [
        0.7072925909179458,
        0.7069209223192517,
        1.0918298674525804e-05,
        1.0866094217679937e-05,
        9.554995710066838e-06,
        9.554862556108768e-06,
        4.6598458166938e-08,
        2.210299854403546e-08,
        2.1967420396299646e-08,
        8.861049666542598e-12
      ],
      "schmidt_probs": [
        0.5002628091674207,
        0.49973719041270165,
        1.1920924594615192e-10,
        1.1807200354749737e-10,
        9.129794301939567e-11,
        9.12953984661294e-11,
        2.1714163035358706e-15,
        4.885425446376338e-16,
        4.825675588677618e-16,
        7.85182011929347e-23
      ],
      "effective_rank": 1.999999743270826
    },
    "partial_transpose": {
      "n_orb_truncated": 10,
      "n_negative_eigenvalues": 35,
      "negativity": 0.500057892790452,
      "min_eigenvalue": -0.4999999307212844,
      "log_negativity": 1.0000835192241346,
      "negative_eigenvalues": [
        -0.4999999307212844,
        -7.722431758035665e-06,
        -7.718373769197936e-06,
        -7.685507932579365e-06,
        -7.6814693463845e-06,
        -6.758177672053318e-06,
        -6.758083493253187e-06,
        -6.754626380114928e-06,
        -6.754532250796582e-06,
        -3.2958744196965146e-08,
        -3.2941425025085036e-08,
        -1.5633287101437106e-08,
        -1.5625072117273292e-08,
        -1.553739363272381e-08,
        -1.552922908618725e-08,
        -1.1863926210743155e-10,
        -1.0432429720649683e-10,
        -1.0432284280019517e-10,
        -1.0382548363637662e-10,
        -1.0382403677292227e-10
      ]
    },
    "first_excited_spin": "triplet_p"
  },
  "post": {
    "B": 0.5,
    "E0": 2.328607153289828,
    "gap": 0.4233526126980891,
    "eigenvalues": [
      2.328607153289828,
      2.751959765987917,
      2.8286071532898283,
      2.96004338102029,
      3.0310783554913465,
      3.3286071532898296,
      3.7425933691901943,
      3.7426615871412467
    ],
    "spin_weights": {
      "singlet": 9.028741306637398e-31,
      "triplet_0": 1.7262604056232027e-30,
      "triplet_m": 1.0000000000000004,
      "triplet_p": 1.994565422366907e-31
    },
    "dominant_spin": "triplet_m",
    "entanglement": {
      "entropy": 0.6931471805599453,
      "purity": 0.5,
      "linear_entropy": 0.5,
      "negativity": 0.5000000000000042,
      "log_negativity": 0.5000000000000031,
      "schmidt_values": [
        0.7071067811865476,
        0.7071067811865475,
        2.0688456256473004e-16,
        1.7482387816596214e-16,
        1.0034195109345233e-16,
        7.065416064076987e-17,
        7.065416064076987e-17,
        7.065416064076987e-17,
        7.065416064076987e-17,
        7.065416064076987e-17
      ],
      "schmidt_probs": [
        0.5000000000000001,
        0.4999999999999999,
        4.2801222227599696e-32,
        3.056338837698718e-32,
        1.0068507149240779e-32,
        4.992010415851714e-33,
        4.992010415851714e-33,
        4.992010415851714e-33,
        4.992010415851714e-33,
        4.992010415851714e-33
      ],
      "effective_rank": 2.0
    },
    "partial_transpose": {
      "n_orb_truncated": 10,
      "n_negative_eigenvalues": 1,
      "negativity": 0.5,
      "min_eigenvalue": -0.5,
      "log_negativity": 1.0000000000000016,
      "negative_eigenvalues": [
        -0.5
      ]
    },
    "first_excited_spin": "singlet"
  }
}