{
  "sep": 4.0,
  "B_pre": 0.0,
  "B_post": 0.5,
  "omega": 1.0,
  "kappa": 0.7,
  "pre": {
    "B": 0.0,
    "E0": 2.6560561689764284,
    "gap": 0.14539367157927252,
    "eigenvalues": [
      2.6560561689764284,
      2.801449840555701,
      2.8014498405557045,
      2.801449840555714,
      2.857390904685826,
      3.016875941995612,
      3.878853235035481,
      3.8788532350354856
    ],
    "spin_weights": {
      "singlet": 1.0,
      "triplet_0": 1.054639273545965e-30,
      "triplet_m": 7.70372391014627e-34,
      "triplet_p": 3.009267152400887e-36
    },
    "dominant_spin": "singlet",
    "entanglement": {
      "entropy": 0.17759312464304772,
      "purity": 0.9202576839248615,
      "linear_entropy": 0.07974231607513849,
      "negativity": 0.2622098636290219,
      "log_negativity": 0.3041300915281052,
      "schmidt_values": [
        0.978995086748939,
        0.20205601334836212,
        0.01761609860515955,
        0.01328288979441532,
        0.011546532862343587,
        0.01104056026048128,
        9.099832921519948e-05,
        2.2984344965295508e-05,
        1.5835274020629114e-05,
        6.936035355609179e-06
      ],
      "schmidt_probs": [
        0.9584313798785623,
        0.040826632530233484,
        0.00031032693006670424,
        0.00017643516129058266,
        0.00013332242114118037,
        0.00012189397086531844,
        8.280695919957826e-09,
        5.282801134837049e-10,
        2.507559033084113e-10,
        4.810858645426054e-11
      ],
      "effective_rank": 1.1943392751425217
    },
    "partial_transpose": {
      "n_orb_truncated": 10,
      "n_negative_eigenvalues": 45,
      "negativity": 0.2622062398547462,
      "min_eigenvalue": -0.19781036402432955,
      "log_negativity": 0.6082533240350219,
      "negative_eigenvalues": [
        -0.19781036402432955,
        -0.017246085995420556,
        -0.01300389291110817,
        -0.011304006820837808,
        -0.010808654042299798,
        -0.003559412128772788,
        -0.002683867757666953,
        -0.002333029012641142,
        -0.0022307933698165797,
        -0.00023399286674063137,
        -0.00020340500954172134,
        -0.00019449160049641817,
        -0.00015337143525585164,
        -0.00014665054700742068,
        -0.00012748019343003102,
        -8.908623646455293e-05,
        -2.0875655038016757e-05,
        -1.8386469292963776e-05,
        -1.5502666269896776e-05,
        -6.75944406181468e-06
      ]
    },
    "first_excited_spin": "triplet_0"
  },
  "post": {
    "B": 0.5,
    "E0": 2.3014498405557084,
    "gap": 0.35460632842071904,
    "eigenvalues": [
      2.3014498405557084,
      2.6560561689764275,
      2.8014498405557062,
      2.8573909046858277,
      3.016875941995619,
      3.3014498405557013,
      3.3788532350354767,
      3.543360321164971
    ],
    "spin_weights": {
      "singlet": 2.7152811852764564e-29,
      "triplet_0": 6.699651258379856e-31,
      "triplet_m": 0.9999999999999998,
      "triplet_p": 3.6458442923798925e-32
    },
    "dominant_spin": "triplet_m",
    "entanglement": {
      "entropy": 0.6931471805599453,
      "purity": 0.5,
      "linear_entropy": 0.5,
      "negativity": 0.5000000000000042,
      "log_negativity": 0.5000000000000031,
      "schmidt_values": [
        0.7071067811865511,
        0.7071067811865439,
        2.4956256482081975e-16,
        1.3540130857913655e-16,
        1.2488563739671751e-16,
        7.065416064076953e-17,
        7.065416064076953e-17,
        7.065416064076953e-17,
        7.065416064076953e-17,
        7.065416064076953e-17
      ],
      "schmidt_probs": [
        0.5000000000000051,
        0.49999999999999495,
        6.228147375994587e-32,
        1.8333514364942554e-32,
        1.559642242798441e-32,
        4.992010415851666e-33,
        4.992010415851666e-33,
        4.992010415851666e-33,
        4.992010415851666e-33,
        4.992010415851666e-33
      ],
      "effective_rank": 2.0
    },
    "partial_transpose": {
      "n_orb_truncated": 10,
      "n_negative_eigenvalues": 1,
      "negativity": 0.5000000000000001,
      "min_eigenvalue": -0.5000000000000001,
      "log_negativity": 1.0000000000000013,
      "negative_eigenvalues": [
        -0.5000000000000001
      ]
    },
    "first_excited_spin": "singlet"
  }
}