{
  "source": "results/p4_n2_singlet_d6_s42_20260416_002831",
  "tau": null,
  "npts": 32,
  "n_grid_per_particle": 1024,
  "dot_projection_config": {
    "basis": "localized_ho",
    "max_ho_shell": 2
  },
  "system": {
    "n_particles": 2,
    "dim": 2,
    "omega": 1.0,
    "n_wells": 2,
    "well_centers": [
      [
        -3.0,
        0.0
      ],
      [
        3.0,
        0.0
      ]
    ]
  },
  "entanglement": {
    "norm2_before_normalisation": 71.31586668285259,
    "norm_M_squared": 1.0000000000000036,
    "von_neumann_entropy": 0.7680398258530222,
    "purity": 0.4861868828445394,
    "linear_entropy": 0.5138131171554605,
    "n_schmidt_terms": 1024,
    "effective_schmidt_rank": 4,
    "negativity": 0.7803722997621398,
    "log_negativity": 1.3565633703215931,
    "schmidt_values_top10": [
      0.7021567934970027,
      0.7021179532832381,
      0.08303161100300756,
      0.08300006338460174,
      0.010258996561964091,
      0.010258538161624314,
      0.002116058339615693,
      0.0021149938249477576,
      0.0011484050768874716,
      0.0011290383383146419
    ],
    "schmidt_probs_top10": [
      0.49302416265399246,
      0.49296962032264335,
      0.006894248425754766,
      0.006889010521847906,
      0.00010524701045839103,
      0.00010523760521350236,
      4.477702896657123e-06,
      4.473198879567146e-06,
      1.3188342206209194e-06,
      1.2747275693842878e-06
    ]
  },
  "dot_projected_entanglement": {
    "projection_basis": "lowdin_localized_ho",
    "projection_basis_config": {
      "projection_basis": "localized_ho",
      "max_ho_shell": 2
    },
    "projected_subspace_weight": 0.9412651627789748,
    "sector_probabilities": {
      "LL": 1.1815806536230042e-06,
      "LR": 0.4999988949611384,
      "RL": 0.49999889496113836,
      "RR": 1.028497072867053e-06
    },
    "projected_sector_probabilities": {
      "LL": 7.352645678421922e-07,
      "LR": 0.49999923252519934,
      "RL": 0.49999923252519907,
      "RR": 7.996850338306234e-07
    },
    "region_metadata": {
      "particle_1": {
        "basis_family": "lowdin_localized_ho",
        "max_ho_shell": 2,
        "n_basis_total": 12,
        "overlap_matrix_rank": 12,
        "well_metadata": [
          {
            "well_index": 0,
            "well_center": [
              -3.0,
              0.0
            ],
            "raw_mode_labels": [
              [
                0,
                0
              ],
              [
                0,
                1
              ],
              [
                1,
                0
              ],
              [
                0,
                2
              ],
              [
                1,
                1
              ],
              [
                2,
                0
              ]
            ],
            "n_raw_modes": 6,
            "n_orthonormal_modes": 6,
            "region_measure": 80.0,
            "region_point_count": 512
          },
          {
            "well_index": 1,
            "well_center": [
              3.0,
              0.0
            ],
            "raw_mode_labels": [
              [
                0,
                0
              ],
              [
                0,
                1
              ],
              [
                1,
                0
              ],
              [
                0,
                2
              ],
              [
                1,
                1
              ],
              [
                2,
                0
              ]
            ],
            "n_raw_modes": 6,
            "n_orthonormal_modes": 6,
            "region_measure": 80.0,
            "region_point_count": 512
          }
        ]
      },
      "particle_2": {
        "basis_family": "lowdin_localized_ho",
        "max_ho_shell": 2,
        "n_basis_total": 12,
        "overlap_matrix_rank": 12,
        "well_metadata": [
          {
            "well_index": 0,
            "well_center": [
              -3.0,
              0.0
            ],
            "raw_mode_labels": [
              [
                0,
                0
              ],
              [
                0,
                1
              ],
              [
                1,
                0
              ],
              [
                0,
                2
              ],
              [
                1,
                1
              ],
              [
                2,
                0
              ]
            ],
            "n_raw_modes": 6,
            "n_orthonormal_modes": 6,
            "region_measure": 80.0,
            "region_point_count": 512
          },
          {
            "well_index": 1,
            "well_center": [
              3.0,
              0.0
            ],
            "raw_mode_labels": [
              [
                0,
                0
              ],
              [
                0,
                1
              ],
              [
                1,
                0
              ],
              [
                0,
                2
              ],
              [
                1,
                1
              ],
              [
                2,
                0
              ]
            ],
            "n_raw_modes": 6,
            "n_orthonormal_modes": 6,
            "region_measure": 80.0,
            "region_point_count": 512
          }
        ]
      }
    },
    "basis_dimensions": {
      "particle_1": 12,
      "particle_2": 12
    },