{
  "source": "results/p4_n2_singlet_d8_s42_20260415_154923",
  "tau": null,
  "npts": 32,
  "n_grid_per_particle": 1024,
  "dot_projection_config": {
    "basis": "localized_ho",
    "max_ho_shell": 2
  },
  "system": {
    "n_particles": 2,
    "dim": 2,
    "omega": 1.0,
    "n_wells": 2,
    "well_centers": [
      [
        -4.0,
        0.0
      ],
      [
        4.0,
        0.0
      ]
    ]
  },
  "entanglement": {
    "norm2_before_normalisation": 474.7706047377012,
    "norm_M_squared": 1.0000000000000013,
    "von_neumann_entropy": 0.7619780374513405,
    "purity": 0.48775715484157317,
    "linear_entropy": 0.5122428451584269,
    "n_schmidt_terms": 1024,
    "effective_schmidt_rank": 4,
    "negativity": 0.7773348924009738,
    "log_negativity": 1.3531368212541222,
    "schmidt_values_top10": [
      0.7027124102217652,
      0.7027123920799839,
      0.0771459299302253,
      0.0771459001476687,
      0.015444726880155198,
      0.015444726365520384,
      0.0020741318964582513,
      0.002074104952747679,
      0.00075818923765453,
      0.0007581891359355664
    ],
    "schmidt_probs_top10": [
      0.49380473147968246,
      0.49380470598277304,
      0.005951494504799232,
      0.005951489909594069,
      0.0002385395884025885,
      0.00023853957250580049,
      4.302023123905502e-06,
      4.301911355012452e-06,
      5.748509200951573e-07,
      5.748507658507208e-07
    ]
  },
  "dot_projected_entanglement": {
    "projection_basis": "lowdin_localized_ho",
    "projection_basis_config": {
      "projection_basis": "localized_ho",
      "max_ho_shell": 2
    },
    "projected_subspace_weight": 0.9542456632769288,
    "sector_probabilities": {
      "LL": 1.9924679778211655e-10,
      "LR": 0.4999999998146544,
      "RL": 0.4999999998146544,
      "RR": 1.7144582673040073e-10
    },
    "projected_sector_probabilities": {
      "LL": 1.5487177252357837e-11,
      "LR": 0.49999999998438754,
      "RL": 0.49999999998438727,
      "RR": 1.5737985640942835e-11
    },
    "region_metadata": {
      "particle_1": {
        "basis_family": "lowdin_localized_ho",
        "max_ho_shell": 2,
        "n_basis_total": 12,
        "overlap_matrix_rank": 12,
        "well_metadata": [
          {
            "well_index": 0,
            "well_center": [
              -4.0,
              0.0
            ],
            "raw_mode_labels": [
              [
                0,
                0
              ],
              [
                0,
                1
              ],
              [
                1,
                0
              ],
              [
                0,
                2
              ],
              [
                1,
                1
              ],
              [
                2,
                0
              ]
            ],
            "n_raw_modes": 6,
            "n_orthonormal_modes": 6,
            "region_measure": 90.0,
            "region_point_count": 512
          },
          {
            "well_index": 1,
            "well_center": [
              4.0,
              0.0
            ],
            "raw_mode_labels": [
              [
                0,
                0
              ],
              [
                0,
                1
              ],
              [
                1,
                0
              ],
              [
                0,
                2
              ],
              [
                1,
                1
              ],
              [
                2,
                0
              ]
            ],
            "n_raw_modes": 6,
            "n_orthonormal_modes": 6,
            "region_measure": 90.00000000000001,
            "region_point_count": 512
          }
        ]
      },
      "particle_2": {
        "basis_family": "lowdin_localized_ho",
        "max_ho_shell": 2,
        "n_basis_total": 12,
        "overlap_matrix_rank": 12,
        "well_metadata": [
          {
            "well_index": 0,
            "well_center": [
              -4.0,
              0.0
            ],
            "raw_mode_labels": [
              [
                0,
                0
              ],
              [
                0,
                1
              ],
              [
                1,
                0
              ],
              [
                0,
                2
              ],
              [
                1,
                1
              ],
              [
                2,
                0
              ]
            ],
            "n_raw_modes": 6,
            "n_orthonormal_modes": 6,
            "region_measure": 90.0,
            "region_point_count": 512
          },
          {
            "well_index": 1,
            "well_center": [
              4.0,
              0.0
            ],
            "raw_mode_labels": [
              [
                0,
                0
              ],
              [
                0,
                1
              ],
              [
                1,
                0
              ],
              [
                0,
                2
              ],
              [
                1,
                1
              ],
              [
                2,
                0
              ]
            ],
            "n_raw_modes": 6,
            "n_orthonormal_modes": 6,
            "region_measure": 90.00000000000001,
            "region_point_count": 512
          }
        ]
      }
    },
    "basis_dimensions": {
      "particle_1": 12,
      "particle_2": 12
    },