{
  "source": "results/p4_n2_singlet_d4_s42_20260415_154551",
  "tau": null,
  "npts": 32,
  "n_grid_per_particle": 1024,
  "dot_projection_config": {
    "basis": "localized_ho",
    "max_ho_shell": 2
  },
  "system": {
    "n_particles": 2,
    "dim": 2,
    "omega": 1.0,
    "n_wells": 2,
    "well_centers": [
      [
        -2.0,
        0.0
      ],
      [
        2.0,
        0.0
      ]
    ]
  },
  "entanglement": {
    "norm2_before_normalisation": 0.040128311940761136,
    "norm_M_squared": 1.0000000000000056,
    "von_neumann_entropy": 0.9443009351099073,
    "purity": 0.612006015858464,
    "linear_entropy": 0.38799398414153596,
    "n_schmidt_terms": 1024,
    "effective_schmidt_rank": 5,
    "negativity": 2.6728283207761465,
    "log_negativity": 2.665769460283076,
    "schmidt_values_top10": [
      0.8799096695684713,
      0.28224997531031637,
      0.26986423488469313,
      0.14701340436262705,
      0.13056106911407775,
      0.08522091634465921,
      0.07852620638481142,
      0.07711318419661034,
      0.052402167684471646,
      0.04620363906330032
    ],
    "schmidt_probs_top10": [
      0.7742410266000963,
      0.0796650485626742,
      0.07282670526990083,
      0.021612941062289292,
      0.017046192768210986,
      0.007262604582623403,
      0.0061663650891899974,
      0.005946443176940355,
      0.0027459871780314846,
      0.0021347762626917313
    ]
  },
  "dot_projected_entanglement": {
    "projection_basis": "lowdin_localized_ho",
    "projection_basis_config": {
      "projection_basis": "localized_ho",
      "max_ho_shell": 2
    },
    "projected_subspace_weight": 0.8315749396108091,
    "sector_probabilities": {
      "LL": 0.17951619024224513,
      "LR": 0.343530429114988,
      "RL": 0.34353042911498805,
      "RR": 0.13342295152778433
    },
    "projected_sector_probabilities": {
      "LL": 0.18345684774596308,
      "LR": 0.33983832131258934,
      "RL": 0.3398383213125896,
      "RR": 0.13686650962885805
    },
    "region_metadata": {
      "particle_1": {
        "basis_family": "lowdin_localized_ho",
        "max_ho_shell": 2,
        "n_basis_total": 12,
        "overlap_matrix_rank": 12,
        "well_metadata": [
          {
            "well_index": 0,
            "well_center": [
              -2.0,
              0.0
            ],
            "raw_mode_labels": [
              [
                0,
                0
              ],
              [
                0,
                1
              ],
              [
                1,
                0
              ],
              [
                0,
                2
              ],
              [
                1,
                1
              ],
              [
                2,
                0
              ]
            ],
            "n_raw_modes": 6,
            "n_orthonormal_modes": 6,
            "region_measure": 70.0,
            "region_point_count": 512
          },
          {
            "well_index": 1,
            "well_center": [
              2.0,
              0.0
            ],
            "raw_mode_labels": [
              [
                0,
                0
              ],
              [
                0,
                1
              ],
              [
                1,
                0
              ],
              [
                0,
                2
              ],
              [
                1,
                1
              ],
              [
                2,
                0
              ]
            ],
            "n_raw_modes": 6,
            "n_orthonormal_modes": 6,
            "region_measure": 70.0,
            "region_point_count": 512
          }
        ]
      },
      "particle_2": {
        "basis_family": "lowdin_localized_ho",
        "max_ho_shell": 2,
        "n_basis_total": 12,
        "overlap_matrix_rank": 12,
        "well_metadata": [
          {
            "well_index": 0,
            "well_center": [
              -2.0,
              0.0
            ],
            "raw_mode_labels": [
              [
                0,
                0
              ],
              [
                0,
                1
              ],
              [
                1,
                0
              ],
              [
                0,
                2
              ],
              [
                1,
                1
              ],
              [
                2,
                0
              ]
            ],
            "n_raw_modes": 6,
            "n_orthonormal_modes": 6,
            "region_measure": 70.0,
            "region_point_count": 512
          },
          {
            "well_index": 1,
            "well_center": [
              2.0,
              0.0
            ],
            "raw_mode_labels": [
              [
                0,
                0
              ],
              [
                0,
                1
              ],
              [
                1,
                0
              ],
              [
                0,
                2
              ],
              [
                1,
                1
              ],
              [
                2,
                0
              ]
            ],
            "n_raw_modes": 6,
            "n_orthonormal_modes": 6,
            "region_measure": 70.0,
            "region_point_count": 512
          }
        ]
      }
    },
    "basis_dimensions": {
      "particle_1": 12,
      "particle_2": 12
    },