{
  "source": "results/p4_n2_singlet_d2_s42_20260415_154545",
  "tau": null,
  "npts": 32,
  "n_grid_per_particle": 1024,
  "dot_projection_config": {
    "basis": "localized_ho",
    "max_ho_shell": 2
  },
  "system": {
    "n_particles": 2,
    "dim": 2,
    "omega": 1.0,
    "n_wells": 2,
    "well_centers": [
      [
        -1.0,
        0.0
      ],
      [
        1.0,
        0.0
      ]
    ]
  },
  "entanglement": {
    "norm2_before_normalisation": 0.6291996019797517,
    "norm_M_squared": 1.000000000000006,
    "von_neumann_entropy": 0.5930144862256298,
    "purity": 0.7615517593904659,
    "linear_entropy": 0.23844824060953407,
    "n_schmidt_terms": 1024,
    "effective_schmidt_rank": 4,
    "negativity": 1.6913916895548704,
    "log_negativity": 2.131847374822603,
    "schmidt_values_top10": [
      0.9322796860949253,
      0.2726873360916348,
      0.13319371283508688,
      0.11590342133804235,
      0.08416261942361453,
      0.08262861408831537,
      0.055707156221513766,
      0.03817043955808214,
      0.03702014559255722,
      0.03489240369659213
    ],
    "schmidt_probs_top10": [
      0.8691454131052524,
      0.0743583832647522,
      0.017740565138795586,
      0.013433603077863772,
      0.0070833465082441776,
      0.00682748786615575,
      0.0031032872542881397,
      0.001456982456057202,
      0.001370491179694134,
      0.001217479835725956
    ]
  },
  "dot_projected_entanglement": {
    "projection_basis": "lowdin_localized_ho",
    "projection_basis_config": {
      "projection_basis": "localized_ho",
      "max_ho_shell": 2
    },
    "projected_subspace_weight": 0.9410446368344122,
    "sector_probabilities": {
      "LL": 0.2966371511906801,
      "LR": 0.20024464620136917,
      "RL": 0.20024464620136925,
      "RR": 0.3028735564065876
    },
    "projected_sector_probabilities": {
      "LL": 0.27166316407140617,
      "LR": 0.22704816068190184,
      "RL": 0.227048160681902,
      "RR": 0.27424051456479
    },
    "region_metadata": {
      "particle_1": {
        "basis_family": "lowdin_localized_ho",
        "max_ho_shell": 2,
        "n_basis_total": 12,
        "overlap_matrix_rank": 12,
        "well_metadata": [
          {
            "well_index": 0,
            "well_center": [
              -1.0,
              0.0
            ],
            "raw_mode_labels": [
              [
                0,
                0
              ],
              [
                0,
                1
              ],
              [
                1,
                0
              ],
              [
                0,
                2
              ],
              [
                1,
                1
              ],
              [
                2,
                0
              ]
            ],
            "n_raw_modes": 6,
            "n_orthonormal_modes": 6,
            "region_measure": 60.00000000000001,
            "region_point_count": 512
          },
          {
            "well_index": 1,
            "well_center": [
              1.0,
              0.0
            ],
            "raw_mode_labels": [
              [
                0,
                0
              ],
              [
                0,
                1
              ],
              [
                1,
                0
              ],
              [
                0,
                2
              ],
              [
                1,
                1
              ],
              [
                2,
                0
              ]
            ],
            "n_raw_modes": 6,
            "n_orthonormal_modes": 6,
            "region_measure": 60.0,
            "region_point_count": 512
          }
        ]
      },
      "particle_2": {
        "basis_family": "lowdin_localized_ho",
        "max_ho_shell": 2,
        "n_basis_total": 12,
        "overlap_matrix_rank": 12,
        "well_metadata": [
          {
            "well_index": 0,
            "well_center": [
              -1.0,
              0.0
            ],
            "raw_mode_labels": [
              [
                0,
                0
              ],
              [
                0,
                1
              ],
              [
                1,
                0
              ],
              [
                0,
                2
              ],
              [
                1,
                1
              ],
              [
                2,
                0
              ]
            ],
            "n_raw_modes": 6,
            "n_orthonormal_modes": 6,
            "region_measure": 60.00000000000001,
            "region_point_count": 512
          },
          {
            "well_index": 1,
            "well_center": [
              1.0,
              0.0
            ],
            "raw_mode_labels": [
              [
                0,
                0
              ],
              [
                0,
                1
              ],
              [
                1,
                0
              ],
              [
                0,
                2
              ],
              [
                1,
                1
              ],
              [
                2,
                0
              ]
            ],
            "n_raw_modes": 6,
            "n_orthonormal_modes": 6,
            "region_measure": 60.0,
            "region_point_count": 512
          }
        ]
      }
    },
    "basis_dimensions": {
      "particle_1": 12,
      "particle_2": 12
    },