{
  "source": "results/p4_n2_singlet_d12_s42_20260416_002839",
  "tau": null,
  "npts": 32,
  "n_grid_per_particle": 1024,
  "dot_projection_config": {
    "basis": "localized_ho",
    "max_ho_shell": 2
  },
  "system": {
    "n_particles": 2,
    "dim": 2,
    "omega": 1.0,
    "n_wells": 2,
    "well_centers": [
      [
        -6.0,
        0.0
      ],
      [
        6.0,
        0.0
      ]
    ]
  },
  "entanglement": {
    "norm2_before_normalisation": 3233.815786021946,
    "norm_M_squared": 1.0000000000000024,
    "von_neumann_entropy": 0.7594201450303262,
    "purity": 0.4880099853748282,
    "linear_entropy": 0.5119900146251718,
    "n_schmidt_terms": 1024,
    "effective_schmidt_rank": 4,
    "negativity": 0.7493764681794299,
    "log_negativity": 1.3212082623247308,
    "schmidt_values_top10": [
      0.702802993864867,
      0.702802993864867,
      0.07752483956057454,
      0.07752483956057454,
      0.007491879419362594,
      0.007491879419362582,
      0.0010244525344843534,
      0.0010244525344843393,
      0.0007175559075444048,
      0.0007175559075444021
    ],
    "schmidt_probs_top10": [
      0.4939320481854203,
      0.4939320481854203,
      0.006010100748892824,
      0.006010100748892824,
      5.61282572342688e-05,
      5.612825723426862e-05,
      1.0495029954114154e-06,
      1.0495029954113864e-06,
      5.148864804518744e-07,
      5.148864804518705e-07
    ]
  },
  "dot_projected_entanglement": {
    "projection_basis": "lowdin_localized_ho",
    "projection_basis_config": {
      "projection_basis": "localized_ho",
      "max_ho_shell": 2
    },
    "projected_subspace_weight": 0.9715893928682089,
    "sector_probabilities": {
      "LL": 1.3439077513936426e-20,
      "LR": 0.5000000000000012,
      "RL": 0.5000000000000013,
      "RR": 1.4053082756748328e-20
    },
    "projected_sector_probabilities": {
      "LL": 2.0396529976727577e-27,
      "LR": 0.5000000000000001,
      "RL": 0.5,
      "RR": 1.8438238437693162e-27
    },
    "region_metadata": {
      "particle_1": {
        "basis_family": "lowdin_localized_ho",
        "max_ho_shell": 2,
        "n_basis_total": 12,
        "overlap_matrix_rank": 12,
        "well_metadata": [
          {
            "well_index": 0,
            "well_center": [
              -6.0,
              0.0
            ],
            "raw_mode_labels": [
              [
                0,
                0
              ],
              [
                0,
                1
              ],
              [
                1,
                0
              ],
              [
                0,
                2
              ],
              [
                1,
                1
              ],
              [
                2,
                0
              ]
            ],
            "n_raw_modes": 6,
            "n_orthonormal_modes": 6,
            "region_measure": 110.0,
            "region_point_count": 512
          },
          {
            "well_index": 1,
            "well_center": [
              6.0,
              0.0
            ],
            "raw_mode_labels": [
              [
                0,
                0
              ],
              [
                0,
                1
              ],
              [
                1,
                0
              ],
              [
                0,
                2
              ],
              [
                1,
                1
              ],
              [
                2,
                0
              ]
            ],
            "n_raw_modes": 6,
            "n_orthonormal_modes": 6,
            "region_measure": 110.0,
            "region_point_count": 512
          }
        ]
      },
      "particle_2": {
        "basis_family": "lowdin_localized_ho",
        "max_ho_shell": 2,
        "n_basis_total": 12,
        "overlap_matrix_rank": 12,
        "well_metadata": [
          {
            "well_index": 0,
            "well_center": [
              -6.0,
              0.0
            ],
            "raw_mode_labels": [
              [
                0,
                0
              ],
              [
                0,
                1
              ],
              [
                1,
                0
              ],
              [
                0,
                2
              ],
              [
                1,
                1
              ],
              [
                2,
                0
              ]
            ],
            "n_raw_modes": 6,
            "n_orthonormal_modes": 6,
            "region_measure": 110.0,
            "region_point_count": 512
          },
          {
            "well_index": 1,
            "well_center": [
              6.0,
              0.0
            ],
            "raw_mode_labels": [
              [
                0,
                0
              ],
              [
                0,
                1
              ],
              [
                1,
                0
              ],
              [
                0,
                2
              ],
              [
                1,
                1
              ],
              [
                2,
                0
              ]
            ],
            "n_raw_modes": 6,
            "n_orthonormal_modes": 6,
            "region_measure": 110.0,
            "region_point_count": 512
          }
        ]
      }
    },
    "basis_dimensions": {
      "particle_1": 12,
      "particle_2": 12
    },