{
  "source": "results/p4_n2_singlet_d20_s42_20260416_002508",
  "tau": null,
  "npts": 32,
  "n_grid_per_particle": 1024,
  "dot_projection_config": {
    "basis": "localized_ho",
    "max_ho_shell": 2
  },
  "system": {
    "n_particles": 2,
    "dim": 2,
    "omega": 1.0,
    "n_wells": 2,
    "well_centers": [
      [
        -10.0,
        0.0
      ],
      [
        10.0,
        0.0
      ]
    ]
  },
  "entanglement": {
    "norm2_before_normalisation": 774438.876061202,
    "norm_M_squared": 1.0000000000000022,
    "von_neumann_entropy": 0.7598894389645756,
    "purity": 0.487907959890437,
    "linear_entropy": 0.512092040109563,
    "n_schmidt_terms": 1024,
    "effective_schmidt_rank": 4,
    "negativity": 0.7473818872012481,
    "log_negativity": 1.3189032153090117,
    "schmidt_values_top10": [
      0.7027658165657361,
      0.7027658165657361,
      0.07784756983851417,
      0.07784756983851415,
      0.007701611736644675,
      0.007701611736644671,
      0.0006540999766808029,
      0.0006540999766807997,
      0.00041075273224775295,
      0.0004107527322477451
    ],
    "schmidt_probs_top10": [
      0.49387979293330586,
      0.49387979293330586,
      0.006060244129762341,
      0.006060244129762338,
      5.9314823342023e-05,
      5.9314823342022945e-05,
      4.2784677949382685e-07,
      4.278467794938227e-07,
      1.6871780704899422e-07,
      1.6871780704898778e-07
    ]
  },
  "dot_projected_entanglement": {
    "projection_basis": "lowdin_localized_ho",
    "projection_basis_config": {
      "projection_basis": "localized_ho",
      "max_ho_shell": 2
    },
    "projected_subspace_weight": 0.9777274949956856,
    "sector_probabilities": {
      "LL": 1.2877763580759615e-49,
      "LR": 0.5000000000000011,
      "RL": 0.5000000000000011,
      "RR": 1.0366766682701088e-49
    },
    "projected_sector_probabilities": {
      "LL": 1.3755713194155296e-45,
      "LR": 0.4999999999999999,
      "RL": 0.5,
      "RR": 1.5983879003785425e-48
    },
    "region_metadata": {
      "particle_1": {
        "basis_family": "lowdin_localized_ho",
        "max_ho_shell": 2,
        "n_basis_total": 12,
        "overlap_matrix_rank": 12,
        "well_metadata": [
          {
            "well_index": 0,
            "well_center": [
              -10.0,
              0.0
            ],
            "raw_mode_labels": [
              [
                0,
                0
              ],
              [
                0,
                1
              ],
              [
                1,
                0
              ],
              [
                0,
                2
              ],
              [
                1,
                1
              ],
              [
                2,
                0
              ]
            ],
            "n_raw_modes": 6,
            "n_orthonormal_modes": 6,
            "region_measure": 150.0,
            "region_point_count": 512
          },
          {
            "well_index": 1,
            "well_center": [
              10.0,
              0.0
            ],
            "raw_mode_labels": [
              [
                0,
                0
              ],
              [
                0,
                1
              ],
              [
                1,
                0
              ],
              [
                0,
                2
              ],
              [
                1,
                1
              ],
              [
                2,
                0
              ]
            ],
            "n_raw_modes": 6,
            "n_orthonormal_modes": 6,
            "region_measure": 150.0,
            "region_point_count": 512
          }
        ]
      },
      "particle_2": {
        "basis_family": "lowdin_localized_ho",
        "max_ho_shell": 2,
        "n_basis_total": 12,
        "overlap_matrix_rank": 12,
        "well_metadata": [
          {
            "well_index": 0,
            "well_center": [
              -10.0,
              0.0
            ],
            "raw_mode_labels": [
              [
                0,
                0
              ],
              [
                0,
                1
              ],
              [
                1,
                0
              ],
              [
                0,
                2
              ],
              [
                1,
                1
              ],
              [
                2,
                0
              ]
            ],
            "n_raw_modes": 6,
            "n_orthonormal_modes": 6,
            "region_measure": 150.0,
            "region_point_count": 512
          },
          {
            "well_index": 1,
            "well_center": [
              10.0,
              0.0
            ],
            "raw_mode_labels": [
              [
                0,
                0
              ],
              [
                0,
                1
              ],
              [
                1,
                0
              ],
              [
                0,
                2
              ],
              [
                1,
                1
              ],
              [
                2,
                0
              ]
            ],
            "n_raw_modes": 6,
            "n_orthonormal_modes": 6,
            "region_measure": 150.0,
            "region_point_count": 512
          }
        ]
      }
    },
    "basis_dimensions": {
      "particle_1": 12,
      "particle_2": 12
    },