{
  "source": "results/p4_n2_nonmcmc_residual_anneal_s314__stageB_noref_20260423_141646",
  "tau": null,
  "npts": 24,
  "n_grid_per_particle": 576,
  "partition": null,
  "dot_projection_config": {
    "basis": "localized_ho",
    "max_ho_shell": 1
  },
  "system": {
    "n_particles": 2,
    "dim": 2,
    "omega": 1.0,
    "n_wells": 2,
    "well_centers": [
      [
        -2.0,
        0.0
      ],
      [
        2.0,
        0.0
      ]
    ]
  },
  "entanglement": {
    "norm2_before_normalisation": 69.54281532582706,
    "norm_M_squared": 1.0000000000000053,
    "von_neumann_entropy": 0.22228817165570275,
    "purity": 0.9316611289011557,
    "linear_entropy": 0.06833887109884429,
    "n_schmidt_terms": 576,
    "effective_schmidt_rank": 2,
    "negativity": 0.9475125682865506,
    "log_negativity": 1.5335758747264019,
    "schmidt_values_top10": [
      0.9823817602477178,
      0.12571037444246,
      0.05949161570491027,
      0.05770830017982042,
      0.05286568999539717,
      0.04962679659296977,
      0.04392769516293629,
      0.028660581846338205,
      0.026661697870526267,
      0.026093525729748955
    ],
    "schmidt_probs_top10": [
      0.9650739228674046,
      0.0158030982424635,
      0.0035392523391807257,
      0.0033302479096442615,
      0.002794781178689436,
      0.002462818940079996,
      0.0019296424023278564,
      0.0008214289517706511,
      0.0007108461333392249,
      0.0006808720850090708
    ]
  },
  "dot_projected_entanglement": {
    "projection_basis": "lowdin_localized_ho",
    "projection_basis_config": {
      "projection_basis": "localized_ho",
      "max_ho_shell": 1
    },
    "projected_subspace_weight": 0.9779909990168528,
    "sector_probabilities": {
      "LL": 0.17992781820198314,
      "LR": 0.2948583025987049,
      "RL": 0.29412070589722883,
      "RR": 0.23109317330208876
    },
    "projected_sector_probabilities": {
      "LL": 0.1743408770157477,
      "LR": 0.30156087109554414,
      "RL": 0.30057730731377985,
      "RR": 0.22352094457492833
    },
    "region_metadata": {
      "particle_1": {
        "basis_family": "lowdin_localized_ho",
        "max_ho_shell": 1,
        "n_basis_total": 6,
        "overlap_matrix_rank": 6,
        "well_metadata": [
          {
            "well_index": 0,
            "well_center": [
              -2.0,
              0.0
            ],
            "raw_mode_labels": [
              [
                0,
                0
              ],
              [
                0,
                1
              ],
              [
                1,
                0
              ]
            ],
            "n_raw_modes": 3,
            "n_orthonormal_modes": 3,
            "region_measure": 70.00000000000001,
            "region_point_count": 288
          },
          {
            "well_index": 1,
            "well_center": [
              2.0,
              0.0
            ],
            "raw_mode_labels": [
              [
                0,
                0
              ],
              [
                0,
                1
              ],
              [
                1,
                0
              ]
            ],
            "n_raw_modes": 3,
            "n_orthonormal_modes": 3,
            "region_measure": 70.0,
            "region_point_count": 288
          }
        ]
      },
      "particle_2": {
        "basis_family": "lowdin_localized_ho",
        "max_ho_shell": 1,
        "n_basis_total": 6,
        "overlap_matrix_rank": 6,
        "well_metadata": [
          {
            "well_index": 0,
            "well_center": [
              -2.0,
              0.0
            ],
            "raw_mode_labels": [
              [
                0,
                0
              ],
              [
                0,
                1
              ],
              [
                1,
                0
              ]
            ],
            "n_raw_modes": 3,
            "n_orthonormal_modes": 3,
            "region_measure": 70.00000000000001,
            "region_point_count": 288
          },
          {
            "well_index": 1,
            "well_center": [
              2.0,
              0.0
            ],
            "raw_mode_labels": [
              [
                0,
                0
              ],
              [
                0,
                1
              ],
              [
                1,
                0
              ]
            ],
            "n_raw_modes": 3,
            "n_orthonormal_modes": 3,
            "region_measure": 70.0,
            "region_point_count": 288
          }
        ]
      }
    },
    "basis_dimensions": {
      "particle_1": 6,
      "particle_2": 6
    },
    "amplitude_matrix": [
      [
        0.41392796073131505,
        0.0009900861504121613,
        -0.02357907935236904,
        -0.5479513294784107,
        -0.0011613047857231679,
        -0.03609800675047961
      ],
      [
        0.0009850707416017334,
        -0.03333291132721905,
        -0.0001371890728626166,
        -0.0009820815465691926,
        0.002152275771745491,
        -6.373251438399463e-05
      ],
      [
        0.0028523803825262267,
        -8.103298274927389e-05,
        -0.03643284622322549,
        0.00040952065915066447,
        1.948743286609009e-05,
        -0.00016725518761113726
      ],
      [
        0.5473481331372287,
        0.0009897091932635118,
        -0.030204043970421344,
        -0.46829714714029375,
        -0.0011026695618148168,
        -0.03435068120124504
      ],
      [
        0.0011528142608476163,
        -0.002221223693096004,
        -9.058502224211123e-05,
        -0.001098382926367223,
        0.038071976830855586,
        -0.0001404423663326189
      ],
      [
        0.008233685069974416,
        -4.6997965178176703e-07,
        8.79786913120894e-06,
        -0.0059001350199931355,
        -7.608358220430064e-05,
        0.03939571556847585
      ]
    ],
    "direct_partial_transpose": {
      "negativity_direct": 0.2766033455692344,
      "log_negativity_direct": 0.635249827432099,
      "min_eigenvalue": -0.10649890501552634,
      "n_negative_eigenvalues": 15,
      "negative_eigenvalues": [
        -0.10649890501552634,
        -0.039464140100314335,
        -0.03859472742983032,
        -0.035881602394787035,
        -0.03219988174712156,
        -0.004275582840074416,
        -0.004181389836364851,
        -0.003887447264366009,
        -0.003488566113450505,
        -0.0015494521215243934,
        -0.0014405290218820446,
        -0.0014087935227518947,
        -0.0012927199751992522,
        -0.0012642407755266102,
        -0.0011753674105147783
      ]
    },
    "dot_label_density_matrix": [
      [
        0.1743408770157477,
        -0.22602780859890859,
        0.22737421299820573,
        -0.1957546512888305
      ],
      [
        -0.22602780859890859,
        0.301560871095544,
        -0.29883351749780734,
        0.25791933822180524
      ],
      [
        0.22737421299820573,
        -0.29883351749780734,
        0.3005773073137799,
        -0.2554191841835395
      ],
      [
        -0.1957546512888305,
        0.25791933822180524,
        -0.2554191841835395,
        0.2235209445749283
      ]
    ],
    "dot_label_partial_transpose": {
      "negativity": 0.10142193254752414,
      "log_negativity": 0.26644938592874906,
      "min_eigenvalue": -0.10142193254752414,
      "n_negative_eigenvalues": 1,
      "negative_eigenvalues": [
        -0.10142193254752414
      ]
    },
    "von_neumann_entropy": 0.10431829487642501,
    "purity": 0.9664250632076169,
    "linear_entropy": 0.0335749367923831,
    "n_schmidt_terms": 6,
    "effective_schmidt_rank": 2,
    "negativity": 0.27660334556923394,
    "log_negativity": 0.6352498274320983,
    "schmidt_values_top10": [
      0.991462358745976,
      0.10741598415317381,
      0.03980397213488716,
      0.03892707281257335,
      0.03619058462307221,
      0.0324771600889102
    ],