{
  "result_dir": "/itf-fi-ml/home/aleksns/Multi-Well-Quantum-Dots/results/p4_n2_nonmcmc_residual_anneal_d8_occpen_s42_20260415_103951",
  "npts": 28,
  "dot_basis": "localized_ho",
  "dot_max_shell": 2,
  "slater_only": {
    "projected_weight": 0.9999999981370831,
    "dot_entropy": -0.0,
    "dot_negativity": 4.440892098500626e-16,
    "dot_label_negativity": 0.0,
    "sector_probabilities": {
      "LL": 0.2500000000000009,
      "LR": 0.2500000000000009,
      "RL": 0.2500000000000009,
      "RR": 0.2500000000000009
    },
    "projected_sector_probabilities": {
      "LL": 0.24999999999999997,
      "LR": 0.24999999999999986,
      "RL": 0.2500000000000001,
      "RR": 0.25000000000000006
    }
  },
  "full_state": {
    "projected_weight": 0.9839413255317876,
    "dot_entropy": 0.03607158722735578,
    "dot_negativity": 0.20172066508218878,
    "dot_label_negativity": 0.04617703784920962,
    "sector_probabilities": {
      "LL": 0.2753756956792849,
      "LR": 0.22315953601036626,
      "RL": 0.22315953664908209,
      "RR": 0.27830523166127064
    },
    "projected_sector_probabilities": {
      "LL": 0.27178404122239475,
      "LR": 0.226800854580711,
      "RL": 0.2268008565619737,
      "RR": 0.2746142476349205
    }
  }
}