{
  "result_dir": "/itf-fi-ml/home/aleksns/Multi-Well-Quantum-Dots/results/p4_n2_nonmcmc_residual_anneal_d2_occpen_s42_20260415_104932",
  "npts": 28,
  "dot_basis": "localized_ho",
  "dot_max_shell": 2,
  "slater_only": {
    "projected_weight": 0.9976757703282564,
    "dot_entropy": -0.0,
    "dot_negativity": 2.220446049250313e-16,
    "dot_label_negativity": 0.0,
    "sector_probabilities": {
      "LL": 0.25000000000000194,
      "LR": 0.25000000000000194,
      "RL": 0.25000000000000194,
      "RR": 0.25000000000000194
    },
    "projected_sector_probabilities": {
      "LL": 0.24999999999999997,
      "LR": 0.2500000000000002,
      "RL": 0.25000000000000006,
      "RR": 0.24999999999999986
    }
  },
  "full_state": {
    "projected_weight": 0.9917259370983829,
    "dot_entropy": 0.3468048775987306,
    "dot_negativity": 0.6483606736134737,
    "dot_label_negativity": 0.1392972422071978,
    "sector_probabilities": {
      "LL": 0.10425987021997822,
      "LR": 0.37138233799629944,
      "RL": 0.32154888474713506,
      "RR": 0.2028089070365925
    },
    "projected_sector_probabilities": {
      "LL": 0.10287434888429209,
      "LR": 0.3739587496398229,
      "RL": 0.3234990824064531,
      "RR": 0.19966781906943185
    }
  }
}