{
  "result_dir": "/itf-fi-ml/home/aleksns/Multi-Well-Quantum-Dots/results/p4_n2_nonmcmc_residual_anneal_d8_s42_20260414_160016",
  "npts": 28,
  "dot_basis": "localized_ho",
  "dot_max_shell": 2,
  "slater_only": {
    "projected_weight": 0.9999999981370831,
    "dot_entropy": -0.0,
    "dot_negativity": 4.440892098500626e-16,
    "dot_label_negativity": 0.0,
    "sector_probabilities": {
      "LL": 0.2500000000000009,
      "LR": 0.2500000000000009,
      "RL": 0.2500000000000009,
      "RR": 0.2500000000000009
    },
    "projected_sector_probabilities": {
      "LL": 0.24999999999999997,
      "LR": 0.24999999999999986,
      "RL": 0.2500000000000001,
      "RR": 0.25000000000000006
    }
  },
  "full_state": {
    "projected_weight": 0.9822761117839838,
    "dot_entropy": 0.3234598690039924,
    "dot_negativity": 0.45580302192529165,
    "dot_label_negativity": 0.2807435345480114,
    "sector_probabilities": {
      "LL": 0.34961251405257443,
      "LR": 0.10420555688448982,
      "RL": 0.10420555629206542,
      "RR": 0.441976372770875
    },
    "projected_sector_probabilities": {
      "LL": 0.34769452210155094,
      "LR": 0.10608557099020016,
      "RL": 0.10608557075357535,
      "RR": 0.4401343361546737
    }
  }
}