{
  "result_dir": "/itf-fi-ml/home/aleksns/Multi-Well-Quantum-Dots/results/p4_n2_nonmcmc_residual_anneal_d8_sharedci_s42_20260415_121133",
  "npts": 28,
  "dot_basis": "localized_ho",
  "dot_max_shell": 2,
  "slater_only": {
    "projected_weight": 0.9999999981370831,
    "dot_entropy": -0.0,
    "dot_negativity": 4.440892098500626e-16,
    "dot_label_negativity": 0.0,
    "sector_probabilities": {
      "LL": 0.2500000000000009,
      "LR": 0.2500000000000009,
      "RL": 0.2500000000000009,
      "RR": 0.2500000000000009
    },
    "projected_sector_probabilities": {
      "LL": 0.24999999999999997,
      "LR": 0.24999999999999986,
      "RL": 0.2500000000000001,
      "RR": 0.25000000000000006
    }
  },
  "full_state": {
    "projected_weight": 0.10917253074386048,
    "dot_entropy": 0.6723181211145512,
    "dot_negativity": 0.7788803430837696,
    "dot_label_negativity": 0.05441239285271602,
    "sector_probabilities": {
      "LL": 0.7551057648199282,
      "LR": 0.00047506615494156474,
      "RL": 0.0004750661549416112,
      "RR": 0.24394410287019042
    },
    "projected_sector_probabilities": {
      "LL": 0.7344683959508875,
      "LR": 1.1097970767733525e-05,
      "RL": 1.1097970728899856e-05,
      "RR": 0.265509408107616
    }
  }
}