{
  "result_dir": "/itf-fi-ml/home/aleksns/Multi-Well-Quantum-Dots/results/p4_n2_nonmcmc_residual_anneal_d8_sharedci_v2_s42_20260415_124018",
  "npts": 28,
  "dot_basis": "localized_ho",
  "dot_max_shell": 2,
  "slater_only": {
    "projected_weight": 0.9999999981370831,
    "dot_entropy": -0.0,
    "dot_negativity": 4.440892098500626e-16,
    "dot_label_negativity": 0.0,
    "sector_probabilities": {
      "LL": 0.2500000000000009,
      "LR": 0.2500000000000009,
      "RL": 0.2500000000000009,
      "RR": 0.2500000000000009
    },
    "projected_sector_probabilities": {
      "LL": 0.24999999999999997,
      "LR": 0.24999999999999986,
      "RL": 0.2500000000000001,
      "RR": 0.25000000000000006
    }
  },
  "full_state": {
    "projected_weight": 0.9304203151589849,
    "dot_entropy": 0.23239460975092935,
    "dot_negativity": 0.41575498262475996,
    "dot_label_negativity": 0.0,
    "sector_probabilities": {
      "LL": 0.29489044433418793,
      "LR": 0.14602381113211652,
      "RL": 0.14602381097724382,
      "RR": 0.4130619335564549
    },
    "projected_sector_probabilities": {
      "LL": 0.2956121461890616,
      "LR": 0.14655917210061506,
      "RL": 0.1465591723995627,
      "RR": 0.41126950931076045
    }
  }
}